viewCount,likeCount,favoriteCount,commentCount,key,title,channel,url,date
1773801,11583,0,3050,국제유가,밤사이 국제유가 &#39;폭락&#39;‥WTI 100달러 붕괴 (2022.07.06/뉴스투데이/MBC),MBCNEWS,https://www.youtube.com/watch?v=vnl2xFjWUz8,2022-07-06
786038,4538,0,386,국제유가,국제유가를 흔들 수 있는 원유매장량이 많은 나라들,보통남자,https://www.youtube.com/watch?v=_LD-qsg_R9I,2021-06-11
530700,2981,0,3329,국제유가,국제유가 떨어질 때도…기름값은 40일째 &#39;요지부동&#39; / JTBC 뉴스룸,JTBC News,https://www.youtube.com/watch?v=GcHEOZiW-sA,2022-06-14
524517,8381,0,215,국제유가,"국제유가의 열쇠, 석유 부자 국가 사우디 [사우디아라비아 1~7부 통합본]",최준영 박사의 지구본 연구소,https://www.youtube.com/watch?v=KrVxRE-f5so,2022-03-25
453455,2774,0,828,국제유가,국제유가 7% 폭락...바이든 &quot;모든 수단 쓰고 있다&quot; / YTN, YTN,https://www.youtube.com/watch?v=pQgWUsm_Wvk,2022-06-18
186812,3821,0,435,국제유가,윤석열 정부 기름값 정책 실패? 국제유가 떨어질 때 국내유가는 고공행진 논란!,깨어있는대구시민들,https://www.youtube.com/watch?v=sbmxK6q5A3c,2022-07-01
129234,229,0,17,국제유가,국제유가가 결정되는 원리와 예측 가능성! [에너지식백과],암요에너지,https://www.youtube.com/watch?v=jE2esCxLLvc,2020-01-03
104927,7208,0,252,국제유가,국제 유가는 한없이 올라가는데 전기차와 배터리 관련주는 모두 폭락 중! 타이거 차이나전기차 주가 혼자만 상승하지는 못한다 관련주들이 함께 간다.향후 주가 전망.,힐링여행자,https://www.youtube.com/watch?v=mOkCetgsSpc,2022-03-06
95455,539,0,452,국제유가,경기침체 공포에 국제유가 8% 이상 폭락 / KBS  2022.07.06.,KBS News,https://www.youtube.com/watch?v=QOHdsiPyBiI,2022-07-06
82400,3189,0,303,국제유가,(재테크)국제유가 3일만에 30%폭등했다 지금이라도 투자해?,재테크읽어주는 파일럿,https://www.youtube.com/watch?v=6WGGCiAx5ms,2020-04-06
75971,580,0,122,국제유가,[ET] 유가 연중 최저치에 ‘경기 침체 공포’…채권·금 투자로 눈 돌려볼까 / KBS  2022.12.07.,KBS News,https://www.youtube.com/watch?v=kUs30GdEBNU,2022-12-07
69897,586,0,181,국제유가,국제 유가 우크라 전쟁 이전 수준 하락...경기 침체 우려 / YTN, YTN,https://www.youtube.com/watch?v=Jz50gBDfuGE,2022-08-17
59747,406,0,105,국제유가,국제유가 80달러 선 붕괴…&quot;고물가 · 저성장이 새로운 표준&quot; / SBS,SBS 뉴스,https://www.youtube.com/watch?v=q5CFSgYMGD0,2022-09-24
59029,6946,0,119,국제유가,"국제유가 내렸다. 왜? 정유사, 좋은 말 할 때(?) 기름값 내려라. 유럽, 정유사 &quot;횡재세&quot; 도입..? [RNB, 레지스탕스TV, 정광용TV]",[정광용 TV]레지스탕스TV,https://www.youtube.com/watch?v=_PvpCmKcnoE,2022-06-18
58731,2688,0,,국제유가,트럼프는 계획이 있었나? 국제유가 폭락이 유동성 폭발을 불러오나?,자유인awesome,https://www.youtube.com/watch?v=afs6iYuW8gw,2020-03-15
57633,2599,0,,국제유가,국제유가 100달러 시대 온다! 왜 부동산이 위험한가?,쇼킹부동산,https://www.youtube.com/watch?v=cuI0u1TPNo8,2022-01-27
50268,5053,0,209,국제유가,"[주가전망]나스닥3%하락,국제유가7%급락,삼성전자에 미치는 영향은[SK하이닉스,네이버,카카오,롯데케미칼,LG화학]",TV주식의 강해,https://www.youtube.com/watch?v=Df1CEUecfyM,2021-03-19
43975,1807,0,139,국제유가,국제유가 폭등. 시황 및 전략(삼성전자 삼성sdi 인버스 부광약품 알서포트..),하승훈의 주식투자,https://www.youtube.com/watch?v=qHJ6FBBNEfg,2020-04-02
42394,,0,292,국제유가,국제유가 마이너스 폭락  냉철의 대응전략은?,냉철tv,https://www.youtube.com/watch?v=N1KwgOIsO4U,2020-04-22
41652,152,0,177,국제유가,새해 휘발유 가격 리터당 99원 인상...국제 유가 들썩 / YTN, YTN,https://www.youtube.com/watch?v=C-4OU7eL3kU,2022-12-31
41217,836,0,28,국제유가,[국제유가] 경제 절대 어렵지 않아요~ 경린이 탈출 프로젝트 &quot;또! 오건영&quot; #11,신한은행,https://www.youtube.com/watch?v=CwRAeAL_NLg,2021-05-18
40710,431,0,96,국제유가,또 흔들리는 국제유가...물가 안정에 최대 악재 / YTN, YTN,https://www.youtube.com/watch?v=ZSlnOyMsxE8,2022-10-10
38434,1916,0,44,국제유가,"국제유가가 떨어지면, &#39;이 기업&#39;에 주목하세요 [김영익 공식채널]",김영익의 경제스쿨,https://www.youtube.com/watch?v=DWTEYW_xBCs,2023-01-19
35011,277,0,67,국제유가,국제유가 110달러 돌파...&#39;러시아 원유&#39; 공급 차질 현실로? / YTN, YTN,https://www.youtube.com/watch?v=nyJAqPWVUN8,2022-03-03
31752,3351,0,29,국제유가,[시장 충격?] 국제유가 폭등 &quot;석유파동 곧 온다?&quot;...러·우크라 충돌 &quot;시장 또 무너진다&quot;...K방역 대실패 &quot;결국 10만 넘었다&quot;...상가공실률 제로 &quot;우린 명동과 달라&quot;,정완진TV,https://www.youtube.com/watch?v=1wSx5ZPIPlw,2022-02-18
31441,1495,0,,국제유가,국제유가 110불 시대가 왔습니다. 부동산은 어떻게 될까요?,쇼킹부동산,https://www.youtube.com/watch?v=9oocxnFta0g,2022-03-02
30860,1131,0,26,국제유가,국제유가 등 원자재 가격 상승! 경제지표로 보는 앞으로 전망은? | 김영익 교수 | 원자재 | 제조업 | 수출 | 경제전망 | 주식전망 |,E트렌드,https://www.youtube.com/watch?v=8yckTKmxlLw,2021-06-23
28211,737,0,46,국제유가,"‘국제유가 폭락’ 치킨게임 승자는?ㅣWTI 전망, 미국, 러시아, 사우디, 원유 투자 [롱앵커]",롱앵커,https://www.youtube.com/watch?v=d4NOYzrRIU8,2020-03-25
27719,2398,0,68,국제유가,나스닥-1.66%#국제유가115달러돌파#마이크론테크8%급락#테슬라조건부승인#원자재방산주헬스케어방어주상승#다음주국내증시영향은?,TV주식의 강해,https://www.youtube.com/watch?v=2aKkozxi-s0,2022-03-05
26064,2649,0,79,국제유가,나스닥+1.33%3일째올라#국제유가9%급등#VIX3일째하락#셀트리온화이자코로나치료제위탁생산선정#삼성전자LG에너지솔루션#리오프닝#국내증시영향은,TV주식의 강해,https://www.youtube.com/watch?v=fDEc1hrfLlk,2022-03-18
26055,2906,0,73,국제유가,"나스닥-1.56%하락#국제유가급등세멈쳐#니켈,알루미늄,아연최고가#파월인플레이션경고#마이크론테크,테슬라하락#국내증시영향은",TV주식의 강해,https://www.youtube.com/watch?v=fExTqkrsBeY,2022-03-04
25810,1952,0,277,국제유가,"[2022.03.31] 미국 비축유 하루 100만 배럴 푼다, 국제 유가 하락, 한인여성 강도 막아선 용감한 피자 가게 부자, 차에서 잠자면서 대학다니는 캘리포니아 홈리스 학생들", 켄PD의 우연한 행복,https://www.youtube.com/watch?v=zZAE0SdBYas,2022-04-01
25078,1667,0,18,국제유가,"비트코인 내일부터 이벤트 시작,국제유가 폭락이 주는 경기침체 시그널, 11월08일 중요한 일정, 2017년도 100배 펌핑 볼 수 있을까?",코인이슈 경제 채널,https://www.youtube.com/watch?v=CM0gYKq3Zz4,2022-07-06
25030,2847,0,66,국제유가,나스닥-1.59%3대지수하락#WTI국제유가105달러#유럽천연가스가격25%급등#VIX지수급등#유가가스대체에너지#국내증시영향은,TV주식의 강해,https://www.youtube.com/watch?v=6mL_jr7rLRI,2022-03-02
24093,2489,0,67,국제유가,다우-171p나스닥보합마감#구글마이크로소프트상승#국제유가상승#에너지주하락#삼성전자sk하이닉스LG에너지솔루션#국내증시영향은,TV주식의 강해,https://www.youtube.com/watch?v=cvRPMEVcbXE,2022-02-15
23899,2774,0,77,국제유가,나스닥이틀째하락-2.2%#상하이봉쇄조치연장#국제유가하락#애플구글마이크로소트프하락#삼성전자잠정실적발표#테슬라하락#오늘장영향은,TV주식의 강해,https://www.youtube.com/watch?v=2PT2ee3Ll0c,2022-04-07
23864,1761,0,,국제유가,투기자본 나가는 국제유가 급락한다는 의견이 나오고있다,피셔인베스트,https://www.youtube.com/watch?v=vr19nd9RUvs,2022-06-23
23610,2097,0,19,국제유가,[뉴스속보] 충격!! 국제유가 &#39;폭락&#39;...&quot;주가 급등? 변동성이 참 무섭다&quot; [정완진&#39;TV],정완진TV,https://www.youtube.com/watch?v=oQifKBYcrNc,2022-03-16
23537,2644,0,71,국제유가,"나스닥+1.41%상승,파월의장청문회 시장안정#국제유가 4%상승#애플#AMD#테슬라#삼성전자SK하이닉스#포스코#네이버#카카오#에스오일",TV주식의 강해,https://www.youtube.com/watch?v=rkIw0wB4EFU,2022-01-12
23018,796,0,68,국제유가,미국은 왜 국제유가를 높게 컨트롤하고 있나? 신재생에너지와 국제유가의 역설. 미국은 왜 신장을 공격하고 있나? [유동원 유안타증권 글로벌자산배분 본부장],연합뉴스경제TV,https://www.youtube.com/watch?v=57lp4BoEqSc,2021-07-10
23007,2879,0,25,국제유가,"미국-사우디 공동성명 전문(全文) 분석. 국제유가 어찌 될까? [RNB, 레지스탕스TV, 정광용TV]",[정광용 TV]레지스탕스TV,https://www.youtube.com/watch?v=BTCj3JcRRgE,2022-07-19
22683,100,0,20,국제유가,전쟁이후 국제 유가는 어떻게 될까? ㅣEP.04 국제유가! 급등할까? 안정될까? [자산어보] #이진우 #김광석 #정철진,BNK금융그룹,https://www.youtube.com/watch?v=sdRr_790Cf0,2022-04-25
22070,2109,0,51,국제유가,국제유가와원자재동향#LG엔솔공매도와셀트리온증선위결정#선물옵션만기일#대통령선거와증시영향#주식시장핵심체크포인트,TV주식의 강해,https://www.youtube.com/watch?v=rlp-ZnNjjes,2022-03-06
21656,2550,0,68,국제유가,테슬라주식분할+8%급등#나스닥+1.31%#국제유가9%급락#우크라이나평화회담#국내증시영향은,TV주식의 강해,https://www.youtube.com/watch?v=HtjXwioHypg,2022-03-29
21499,1465,0,,국제유가,국제유가 떨어지면 인플레이션도 끝난다 희망을 버리긴 아직...,피셔인베스트,https://www.youtube.com/watch?v=NpCESw7-iGk,2022-09-11
21368,568,0,35,국제유가,&quot;석유의 종말은 없습니다&quot; 2023년 유가시장 전망_글로벌머니토크_로버트 맥널리 래피던에너지그룹 대표 | 강남규 국제경제선임기자,삼프로TV_경제의신과함께,https://www.youtube.com/watch?v=av3Qc1K4ep8,2023-01-22
21132,121,0,84,국제유가,수에즈 운하 마비…유조선 통행도 막혀 국제유가 급등 / JTBC 뉴스룸,JTBC News,https://www.youtube.com/watch?v=_wT2vKrkF9w,2021-03-25
21070,1977,0,71,국제유가,나스닥-2.47%급락#애플#테슬라급락#마이크론테크반도체주하락#국제유가120달러돌파#다음주국내증시영향은,TV주식의 강해,https://www.youtube.com/watch?v=24uwzQ9BwbQ,2022-06-04
20849,1158,0,65,국제유가,박한샘 | 국제유가 77달러! 다시보는 2차전지와 신재생 에너지 #30만구독자 #주식은와우넷 #박한샘 특강,주식투자 와우넷,https://www.youtube.com/watch?v=_OBLH9guftg,2021-07-07
20687,2397,0,67,국제유가,나스닥-1.2%하락#테슬라-5.88%#국제유가3%상승#엘앤에프#코스피2600P회복할까#종목장세대응전략은,TV주식의 강해,https://www.youtube.com/watch?v=ZhLppJ7Tl9M,2022-05-17
26737,213,0,213,국제유가,[자막뉴스] &quot;국제유가 탓 기름값 못 내렸다&quot;더니…공개된 실적엔 &#39;역대급 흑자&#39; / JTBC News,JTBC News,https://www.youtube.com/watch?v=0Ro8wSefM7I,2022-08-20
393920,2229,0,1217,국제유가,서방 제재에 꼿꼿한 푸틴 &quot;국제 유가 상승은 미국 실수&quot; / 연합뉴스 (Yonhapnews),연합뉴스 Yonhapnews,https://www.youtube.com/watch?v=-VY2ijeYRNc,2022-03-11
16440,144,0,46,국제유가,경기침체 공포에 국제유가 8∼10% 급락...금값도 급락 / YTN, YTN,https://www.youtube.com/watch?v=AFhhJtVTIv8,2022-07-06
17662,396,0,14,국제유가,"국제유가, 올라도 내려도 &#39;걱정&#39;…이유는? [따져보니]",뉴스TVCHOSUN,https://www.youtube.com/watch?v=SAsmrZHJRkQ,2022-06-20
1565,42,0,1,국제유가,"국제유가 특집/ key는 다시 유가로? 유가 다시 &#39;들썩&#39;, 유가 들썩, 인플레에 기름 붓나, 고려아연ㆍ풍산&#39; 왜 오를까  / 매일경제TV",매일경제TV,https://www.youtube.com/watch?v=v9fnqCO0SMI,2022-08-30
3158,20,0,4,국제유가,"국제유가, 중 경제 우려에 6개월 만에 최저…WTI 2.9%↓ / SBS",SBS 뉴스,https://www.youtube.com/watch?v=VZIfCBRnhsg,2022-08-16
27347,1259,0,50,국제유가,"국제유가 120달러 돌파, 앞으로 이렇게 전망합니다 - 홍춘욱",홍춘욱의 경제강의노트,https://www.youtube.com/watch?v=aUJmJsz84Xc,2022-06-06
2946,27,0,1,국제유가,산유국 증산 줄였지만 국제유가 &#39;급락&#39; [이슈픽],MBN News,https://www.youtube.com/watch?v=X0XibFYoRpo,2022-08-04
4584,36,0,6,국제유가,국제유가 하락…중국 경제 침체 우려·이란 핵합의 기대 영향 / JTBC 아침&amp;,JTBC News,https://www.youtube.com/watch?v=O762IJq9c1U,2022-08-16
7327,52,0,20,국제유가,경기침체 공포에 국제유가 8% 이상 폭락 / KBS  2022.07.06.,KBS News,https://www.youtube.com/watch?v=BwVuHpL1rKo,2022-07-06
530700,2981,0,3329,국제유가,국제유가 떨어질 때도…기름값은 40일째 &#39;요지부동&#39; / JTBC 뉴스룸,JTBC News,https://www.youtube.com/watch?v=GcHEOZiW-sA,2022-06-14
1773801,11583,0,3050,국제유가,밤사이 국제유가 &#39;폭락&#39;‥WTI 100달러 붕괴 (2022.07.06/뉴스투데이/MBC),MBCNEWS,https://www.youtube.com/watch?v=vnl2xFjWUz8,2022-07-06
2565,29,0,1,국제유가,"올겨울 국제유가 25달러, 휘발유값 15~30센트 오른다",WKTV USA,https://www.youtube.com/watch?v=14zy3LD7-34,2022-10-07
2136,11,0,4,국제유가,7월 수입물가지수 석 달 만에 하락…국제유가 떨어진 영향 / JTBC News,JTBC News,https://www.youtube.com/watch?v=9eQuyRKizfE,2022-08-12
13728,105,0,80,국제유가,경기침체 우려에 100달러 깨진 국제유가…국내 기름값은? / JTBC 뉴스룸,JTBC News,https://www.youtube.com/watch?v=QOggjU4dLZY,2022-07-06
41217,836,0,28,국제유가,[국제유가] 경제 절대 어렵지 않아요~ 경린이 탈출 프로젝트 &quot;또! 오건영&quot; #11,신한은행,https://www.youtube.com/watch?v=CwRAeAL_NLg,2021-05-18
2593,21,0,14,국제유가,국제 유가 100달러 돌파‥2014년 이후 최고 (2022.03.02/12MBC뉴스),MBCNEWS,https://www.youtube.com/watch?v=xJ_r3fArNuk,2022-03-02
23979,813,0,19,국제유가,"[뉴스3] 국제유가, 우크라전쟁 한 달 전보다도 더 떨어졌다",삼프로TV_경제의신과함께,https://www.youtube.com/watch?v=DJlxy4r1XVw,2022-08-17
75442,1913,0,36,국제유가,"[#경주마] 국제유가 다시 100달러, 정유주는?｜폐배터리 업계 대장, 새빛켐 VS 성일하이텍｜반도체 집중분석, 삼전·하이닉스 어디로? (feat.이형수 대표/정희석 이사/정철진)",한국경제TV,https://www.youtube.com/watch?v=7AAYiy-enPA,2022-08-30
21499,1465,0,,국제유가,국제유가 떨어지면 인플레이션도 끝난다 희망을 버리긴 아직...,피셔인베스트,https://www.youtube.com/watch?v=NpCESw7-iGk,2022-09-11
95455,539,0,452,국제유가,경기침체 공포에 국제유가 8% 이상 폭락 / KBS  2022.07.06.,KBS News,https://www.youtube.com/watch?v=QOHdsiPyBiI,2022-07-06
4501,85,0,2,국제유가,"[이항영의 월가이드] 국제유가 $100대 하회! ‘$60 VS $140’ 향방은? / 머니투데이방송 (증시, 증권)",MTN 머니투데이방송,https://www.youtube.com/watch?v=FaWDkO-6vaA,2022-07-06
4322,39,0,14,국제유가,"OPEC+, 단계적 석유 증산 합의…국제 유가는 급등 / KBS 2021.04.02.",KBS News,https://www.youtube.com/watch?v=7ETL-EC3qXs,2021-04-02
43103,536,0,97,국제유가,국제유가 폭등 북한은 중·러와 밀착 (2022.03.26/통일전망대/MBC),MBCNEWS,https://www.youtube.com/watch?v=ut3XhPjb1Sw,2022-03-26
35307,338,0,140,국제유가,"국제유가, 경기침체 우려에 6.8% 급락 (2022.06.18/뉴스투데이/MBC)",MBCNEWS,https://www.youtube.com/watch?v=MS9E8zaQX90,2022-06-18
9151,75,0,23,국제유가,[굿모닝 경제] 국제유가 폭등...기름값·유류세 더 오르나 / YTN, YTN,https://www.youtube.com/watch?v=HyMy2IrnE2U,2022-06-10
8363,73,0,15,국제유가,[뉴스라이브] 경기침체 우려에 국제유가↓...’R의 공포’ 수면 위로 / YTN, YTN,https://www.youtube.com/watch?v=neGXKhtM8Mo,2022-06-20
19193,744,0,17,국제유가,"국제유가 급등, 러시아 우크라이나 전쟁과 어떤 연관이 있을까?",홍춘욱의 경제강의노트,https://www.youtube.com/watch?v=tjJFGt8ybG0,2022-03-09
106129,797,0,395,국제유가,연준 “금리 4%-7% 가야 물가 잡힌다”…국제유가 큰 폭 하락 / KBS  2022.06.18.,KBS News,https://www.youtube.com/watch?v=P69yoiyIV7I,2022-06-18
1127268,4273,0,1471,국제유가,&#39;경기침체 공포&#39; 국제유가 돌연 급락…계속 떨어질까 / JTBC 뉴스룸,JTBC News,https://www.youtube.com/watch?v=0gI1KXlyg98,2022-06-20
7541,40,0,20,국제유가,국제유가 6개월 만에 80달러대…경기 우려에 전쟁 이전 수준 / KBS  2022.08.05.,KBS News,https://www.youtube.com/watch?v=NRiBGK9S_Ls,2022-08-05
6197,64,0,8,국제유가,산유국 증산 줄였지만 국제유가 급락…&quot;미 원유재고 급증&quot; [굿모닝 MBN],MBN News,https://www.youtube.com/watch?v=O8NnIpsM9_E,2022-08-04
4992,95,0,10,국제유가,&#39;경기침체&#39; 공포에 국제유가 폭락...물가 잡힐까? (2022.07.07/뉴스프리데스크/MBC),MBCNEWS,https://www.youtube.com/watch?v=fDOTf4m3b3w,2022-07-08
4852,48,0,3,국제유가,[김대호의 경제읽기] 국제유가 배럴당 130달러 돌파…한국경제 여파는? / 연합뉴스TV (YonhapnewsTV),연합뉴스TV,https://www.youtube.com/watch?v=q_oE8uYl9hU,2022-03-07
2347,45,0,1,국제유가,[석유공사] 원유가 맥주보다 싸다고? 과연 국제유가는 어떻게 결정될까? / 이슈투데이 9화 / 국제유가는 어떻게 결정되는가?,한국석유공사 Korea National Oil Corporation,https://www.youtube.com/watch?v=QHUc1CSkJyU,2020-04-23
7655,174,0,111,국제유가,[경읽남 33화] 전쟁 이후의 국제유가 전망,경제 읽어주는 남자(김광석TV),https://www.youtube.com/watch?v=1EBXkC3S3rI,2022-04-18
490,8,0,0,국제유가,"미국 휘발유값, 국제 유가 급락, 물가급등도 잡히나",WKTV USA,https://www.youtube.com/watch?v=T8LNmsbpeXg,2022-09-02
17221,168,0,51,국제유가,곡물가도 국제 유가도 안정…이젠 경기 침체 걱정 | 뉴스A,채널A 뉴스,https://www.youtube.com/watch?v=8Ez3Vg8vTnA,2022-08-08
36512,1484,0,10,국제유가,"(Live) OPEC+ &quot;10만 배럴&quot; 감산 국제 유가 급등 / 물적분할 제재에 증시 호재될까?  (장시작전, 9월6일) 하창봉, 김민수, 민재기",815머니톡,https://www.youtube.com/watch?v=7BZ53IDJXaQ,2022-09-06
32787,241,0,90,국제유가,[글로벌K] 국제유가 120달러 돌파…스태그플레이션 가능성은? / KBS  2022.06.19.,KBS News,https://www.youtube.com/watch?v=m2Y9X_WIi20,2022-06-19
668,16,0,0,국제유가,"[생생] 밤사이 국제유가 폭락, 이유는?",YTN 라디오,https://www.youtube.com/watch?v=MRdy6iuN0Pc,2022-07-06
95778,843,0,305,국제유가,미 연준 “물가 잡으려면 금리 최고 7% 가야”…국제유가는 폭락 / KBS  2022.06.18.,KBS News,https://www.youtube.com/watch?v=eT1RaJJtHpc,2022-06-18
2185,13,0,10,국제유가,"국제유가 하락, 관세 인하에도 왜 계속 오르나…정점은? / KBS  2022.08.03.",KBS News,https://www.youtube.com/watch?v=Hp6S1YqvMS0,2022-08-03
868,15,0,2,국제유가,심상찮은 국제유가 반등…더 오를까? 고점일까?/[GO WEST]/한국경제TV뉴스,한국경제TV뉴스,https://www.youtube.com/watch?v=YkF3xh5sapI,2022-08-30
2142,13,0,0,국제유가,글로벌 경기침체 우려에 국제유가 급락…WTI 5.7%↓ / 연합뉴스TV (YonhapnewsTV),연합뉴스TV,https://www.youtube.com/watch?v=_BAU73mdC5g,2022-09-08
3237,70,0,2,국제유가,"[온앵커의 당잠사] 국제유가 더 오를 수 밖에? #에너지주 #신재생 #방산 / 머니투데이방송 (증시, 증권)",MTN 머니투데이방송,https://www.youtube.com/watch?v=daovmrvd54U,2022-06-08
3577,15,0,23,국제유가,휘발윳값 1500원대로 떨어져…국제유가 하락분 반영 / JTBC News,JTBC News,https://www.youtube.com/watch?v=-_wZa45yhRg,2022-12-11
5707,212,0,6,국제유가,"0825국제뉴스) 이란 핵합의 급진전!! 이러면 앞으로 국제유가는 어떻게 되지..? | 미국, 말 안듣는 사우디 대신 차선책으로 이란 택하나..?",연합뉴스경제TV,https://www.youtube.com/watch?v=HtykvjvmDbw,2022-08-25
667,28,0,1,국제유가,"&#39;국제유가 200弗&#39; 경고까지 나왔다… 고유가·고환율, 韓 경제에 직격탄_최양오의 왓츠업 (20220308)",이데일리TV,https://www.youtube.com/watch?v=56-zirZu9rk,2022-03-08
3640,49,0,1,국제유가,이란 원유 풀리나…국제유가 우크라 전쟁 전보다 낮아져 / 연합뉴스TV (YonhapnewsTV),연합뉴스TV,https://www.youtube.com/watch?v=iUsP3L7XBSI,2022-08-17
3640,49,0,1,국제유가,이란 원유 풀리나…국제유가 우크라 전쟁 전보다 낮아져 / 연합뉴스TV (YonhapnewsTV),연합뉴스TV,https://www.youtube.com/watch?v=iUsP3L7XBSI,2022-08-17
4868,32,0,4,국제유가,국제유가 나흘 만에 또 폭락...&#39;탱크톱&#39; 우려 증폭 / YTN, YTN,https://www.youtube.com/watch?v=TW5wZKbGr4w,2020-04-28
307031,1178,0,959,국제유가,국제유가 상승에 경제 &#39;먹구름&#39;...유류세 30%로 인하? / YTN, YTN,https://www.youtube.com/watch?v=gfA3cbzc3gs,2022-03-29
69683,2193,0,38,국제유가,[8월 2일 당신이 잠든 사이 LIVE] 국제유가 하락 l 미국 주택가격 하락세 조짐 l 인플레에 인기 &#39;달러스토어&#39;,한국경제TV,https://www.youtube.com/watch?v=RdKYP3KGPYE,2022-08-02
16713,113,0,52,국제유가,국제유가 14년 만에 최고치...美 휘발유도 4달러 돌파 / YTN, YTN,https://www.youtube.com/watch?v=DZiI_fAiS8I,2022-03-07
22683,100,0,20,국제유가,전쟁이후 국제 유가는 어떻게 될까? ㅣEP.04 국제유가! 급등할까? 안정될까? [자산어보] #이진우 #김광석 #정철진,BNK금융그룹,https://www.youtube.com/watch?v=sdRr_790Cf0,2022-04-25
6332,25,0,38,국제유가,휘발유 리터당 96원↓…유류세·국제유가 하락 영향 / KBS  2022.07.16.,KBS News,https://www.youtube.com/watch?v=6FEfQa5p8hI,2022-07-16
959,37,0,2,국제유가,"[오분기자실] 바이든, 옐런으로 보는 국제유가 전망 (염현석) / 발칙한경제",발칙한경제,https://www.youtube.com/watch?v=2OzHZ0RZOJw,2022-07-26
11373,74,0,31,국제유가,OPEC+ &#39;원유 감산&#39; 난항...국제유가 급락 / YTN, YTN,https://www.youtube.com/watch?v=5skC-_FEikg,2020-04-10
313,3,0,1,국제유가,내림세지만 여전히 2천원대…국제유가 재상승 전망도 / 연합뉴스TV (YonhapnewsTV),연합뉴스TV,https://www.youtube.com/watch?v=bsqejUYL4Ts,2022-07-19
9843,112,0,15,국제유가,국제유가 7% 폭락...바이든 &quot;모든 수단 쓰고 있다&quot; / YTN, YTN,https://www.youtube.com/watch?v=2eeyFx42Qog,2022-06-18
443,2,0,0,국제유가,국제유가 또 대폭락…&#39;믿었던&#39; 6월물 WTI 거의 반 토막 / JTBC 아침&amp;,JTBC News,https://www.youtube.com/watch?v=X0ckpdqCOhQ,2020-04-22
1333,8,0,5,국제유가,[오늘의 경제지표] 국제유가 120달러 재돌파...찬바람 부는 증시 / YTN, YTN,https://www.youtube.com/watch?v=PGmWrjY2l5k,2022-03-24
11728,845,0,13,국제유가,[정완진TV] 국제유가 &#39;급락&#39;...&quot;경기침체 덮친다?&quot; [멋진아재TV],정완진TV,https://www.youtube.com/watch?v=0rMzEYYwfdc,2022-11-20
2831,23,0,3,국제유가,중국 봉쇄에 국제유가 하락세…브렌트유 100달러선 붕괴 / 연합뉴스TV (YonhapnewsTV),연합뉴스TV,https://www.youtube.com/watch?v=VIYyh0WXyck,2022-04-12
15908,508,0,673,국제유가,💰 BOK클래스 11화 | 뉴스기사 속 국제유가 용어 총정리! | 🎁 댓글 이벤트 🎁,한국은행,https://www.youtube.com/watch?v=VqSKUcBa8xY,2022-06-29
2906,31,0,8,국제유가,경기 침체 우려에 국제유가 급락…WTI 5.7% ↓ / SBS,SBS 뉴스,https://www.youtube.com/watch?v=MwtVSF2oHM0,2022-09-08
1429,10,0,1,국제유가,국제유가 90달러 돌파…7년 만에 최고 / SBS,SBS 뉴스,https://www.youtube.com/watch?v=BuBYL_XSAUI,2022-02-04
24894,280,0,76,국제유가,[투데이 Pick? Pick!] 밤사이 국제유가 &#39;폭락&#39;‥WTI 100달러 붕괴 (2022.07.06),MBCNEWS,https://www.youtube.com/watch?v=Zuqbh8n1mXU,2022-07-06
186,2,0,0,국제유가,"[같이경제] 국제 유가 등락, 경제 파급 효과는? / KBS  2022.02.17.",KBS 대구,https://www.youtube.com/watch?v=PX7NpAigPFQ,2022-02-17
379,2,0,0,국제유가,OPEC &quot;6월 생산량 목표 못 채워&quot;…국제유가 3개월 만에 최저,SBS Biz 뉴스,https://www.youtube.com/watch?v=8UWzKUN-kUU,2022-07-13
205,14,0,0,국제유가,"국제유가, 경기 불확실성에 작년말 이후 최저치…WTI 3.5%↓ 등 12월 7일 개장전 주요뉴스&amp;일정",인포스탁데일리,https://www.youtube.com/watch?v=F2yOQ_vHWv0,2022-12-07
2093,5,0,2,국제유가,"국제 유가 폭등, 서부 텍사스산 원유 20%↑…트럼프 “수요 재개·멋진 상승” / KBS뉴스(News)",KBS News,https://www.youtube.com/watch?v=-git6n15H_U,2020-05-06
8297,123,0,9,국제유가,전쟁 장기화 우려 속 국제유가 폭등·뉴욕증시 하락 (2022.03.02/뉴스투데이/MBC),MBCNEWS,https://www.youtube.com/watch?v=S5EfdIwn-kI,2022-03-02
880,4,0,0,국제유가,"국제유가, 최고치…코로나·백신 관건",서울경제TV 포커스온,https://www.youtube.com/watch?v=TdsdXyh3XAA,2021-01-08
356,0,0,2,국제유가,"국제유가, 中 코로나 규제 완화·오펙 경고에 1백 달러 돌파 / YTN 사이언스",YTN 사이언스 투데이,https://www.youtube.com/watch?v=vvZAVfAm4Bw,2022-04-13
47,0,0,1,국제유가,송승현의 집담(家談) : 호흡 끊겨가는 부동산...국제유가도 오른다?!,토마토집통 TOMATO JIPTONG,https://www.youtube.com/watch?v=6DTrG1nIsqg,2022-11-15
34500,695,0,24,국제유가,[국제유가] 경제 절대 어렵지 않아요~ 경린이 탈출 프로젝트 &quot;또! 오건영&quot; #12,신한은행,https://www.youtube.com/watch?v=lLYd-7Oz_o8,2021-05-25
17075,243,0,50,국제유가,"경기 침체 우려, 국제 유가 6%대 급락…8주 만에 하락세 / SBS",SBS 뉴스,https://www.youtube.com/watch?v=YRrbDvF5-14,2022-06-18
2183,,0,2,국제유가,기름값 한 달째 상승..국제유가 상승 원인/대전MBC,대전MBC 뉴스/Daejeon MBC News,https://www.youtube.com/watch?v=SI6A_LTuVpA,2020-12-14
35011,277,0,67,국제유가,국제유가 110달러 돌파...&#39;러시아 원유&#39; 공급 차질 현실로? / YTN, YTN,https://www.youtube.com/watch?v=nyJAqPWVUN8,2022-03-03
2321,44,0,3,국제유가,"[기획특집] 또 다시 $100 붕괴된 국제유가, 에너지 시장 변동성 심화되나? / 머니투데이방송 (증시, 증권)",MTN 머니투데이방송,https://www.youtube.com/watch?v=mJHCGIHfLA8,2022-07-13
2926,235,0,2,국제유가,국제유가 130달러 돌파...정유주 흐름은?,한경 글로벌마켓 라운지,https://www.youtube.com/watch?v=4ZF2ZzF5wB8,2022-03-07
38451,208,0,101,국제유가,"국제 유가, 연말 가파른 오름세...새해 변수는 &#39;코로나 재확산&#39; / YTN", YTN,https://www.youtube.com/watch?v=-tklLwsSGow,2020-12-27
489,8,0,0,국제유가,국제유가 배럴당 130달러 돌파... &quot;185달러 갈 수도&quot; (20220307),이데일리TV,https://www.youtube.com/watch?v=DkKUEME04tk,2022-03-07
851,12,0,2,국제유가,국제유가 8∼10% 급락…WTI 100달러 붕괴 / 연합뉴스TV (YonhapnewsTV),연합뉴스TV,https://www.youtube.com/watch?v=E7AzIl7ah2k,2022-07-06
33726,226,0,87,국제유가,국제유가 110달러 돌파...&#39;러시아 원유&#39; 공급 차질 현실로? / YTN, YTN,https://www.youtube.com/watch?v=Aqo8KQ2IERY,2022-03-03
9056,55,0,49,국제유가,"국제유가·환율 동반 상승...휘발유 다시 1,800원대로? / YTN", YTN,https://www.youtube.com/watch?v=EeaWCmCIA5A,2022-02-07
14320,140,0,24,국제유가,"미국, 러시아산 원유 수입 금지 조치…국제 유가 한때 ‘출렁’ / KBS  2022.03.09.",KBS News,https://www.youtube.com/watch?v=el4WeGUgazI,2022-03-09
3271,47,0,13,국제유가,"국제유가, 7년 만에 80달러 돌파…불붙은 ‘에너지 대란’ | 뉴스A",채널A 뉴스,https://www.youtube.com/watch?v=5in5G2wASPQ,2021-10-12
11089,91,0,34,국제유가,7년 만에 국제유가 최고치…인플레 &#39;빨간불&#39; / SBS,SBS 뉴스,https://www.youtube.com/watch?v=x7NTN2pMdZo,2021-10-12
3243,24,0,0,국제유가,원전 공격에 국제유가 다시 급등…WTI 7.4%↑ / 연합뉴스TV (YonhapnewsTV),연합뉴스TV,https://www.youtube.com/watch?v=an4fwI3Po9w,2022-03-05
26322,201,0,28,국제유가,UAE 석유시설 피습‥ 국제 유가 7년 만에 최고치 (2022.01.19/930MBC뉴스),MBCNEWS,https://www.youtube.com/watch?v=n2Ilscats-M,2022-01-19
1590,17,0,8,국제유가,최근 들어 주춤해진 국제 유가…비행기표 값도 떨어질까 / SBS / 친절한 경제,SBS 뉴스,https://www.youtube.com/watch?v=TrtIyXGfCNs,2022-07-19
6332,53,0,15,국제유가,"국제유가, 감산 합의에도 또 폭락…WTI 10.3%↓ (2020.04.15/930MBC뉴스)",MBCNEWS,https://www.youtube.com/watch?v=sbTYPWkelRw,2020-04-15
7408,112,0,9,국제유가,[석유공사] 국제유가! 오르지 못하는 이유 3개 VS 오를 이유 1개!!  / 이슈투데이 15화,한국석유공사 Korea National Oil Corporation,https://www.youtube.com/watch?v=rx1GQUMtlf4,2020-09-09
7732,69,0,19,국제유가,국제유가 100달러 가나…금융시장 악재로 부상 / SBS,SBS 뉴스,https://www.youtube.com/watch?v=d2o7QqiZHr4,2021-10-13
17263,126,0,37,국제유가,국제유가 급등 어디까지?...루블화 폭락에 &#39;비트코인 랠리&#39; / YTN, YTN,https://www.youtube.com/watch?v=k8VVqegDPPQ,2022-03-02
1641,9,0,4,국제유가,국제유가 사상 첫 마이너스…회복 전망 “코로나가 관건” / KBS뉴스(News),KBS News,https://www.youtube.com/watch?v=Q6IdZT1Rgiw,2020-04-21
9280,82,0,31,국제유가,국제유가 6개월 만에 80달러대…경기 우려에 전쟁 이전 수준 / KBS  2022.08.05.,KBS News,https://www.youtube.com/watch?v=EDSNI0gOO24,2022-08-05
361,4,0,0,국제유가,국제유가 7년만 최고…“배럴당 120달러 가능성”,서울경제TV 포커스온,https://www.youtube.com/watch?v=LD86xdEqkr4,2022-02-03
8788,38,0,41,국제유가,휘발유 1리터에 164원 유류세 인하…문제는 국제유가 상승세 / KBS  2021.10.26.,KBS News,https://www.youtube.com/watch?v=5GXIvpyaR54,2021-10-26
6255,88,0,7,국제유가,국제유가 대폭락…역사상 최초 &#39;-37달러&#39; (2020.04.21/뉴스투데이/MBC),MBCNEWS,https://www.youtube.com/watch?v=fn19BxI7qig,2020-04-21
4046,34,0,5,국제유가,&#39;EU 러시아산 원유 금수 가능성&#39;에 국제유가 110달러 돌파 / 연합뉴스TV (YonhapnewsTV),연합뉴스TV,https://www.youtube.com/watch?v=1msQyaM0fv4,2022-03-22
33797,1752,0,134,국제유가,바이든 vs. 빈살만 대결.. 세계유가 흔들까? (자이언트 임팩트 3편),박종훈의 경제한방,https://www.youtube.com/watch?v=brcVsvNLW0k,2022-10-27
1881,19,0,0,국제유가,"국제유가 불안…정부, 선제대응 검토 [김주하 AI 뉴스]",MBN News,https://www.youtube.com/watch?v=Yllqre8fS4E,2022-01-28
2532,15,0,4,국제유가,"우크라 전쟁 전으로 돌아간 국제유가…WTI, 90달러 아래로 / 연합뉴스TV (YonhapnewsTV)",연합뉴스TV,https://www.youtube.com/watch?v=o9n7u2f66I8,2022-08-05
2385,21,0,2,국제유가,"130달러 넘었던 국제유가, 폭등세 진정…WTI 3.2%↑ / 연합뉴스TV (YonhapnewsTV)",연합뉴스TV,https://www.youtube.com/watch?v=fA_EEtEQEkE,2022-03-08
3536,22,0,22,국제유가,우크라이나 사태에 출렁이는 국제유가...휘발윳값 6주 연속↑ / YTN, YTN,https://www.youtube.com/watch?v=NYzoOUZvbqY,2022-02-28
1237,11,0,8,국제유가,국제유가 &#39;뚝뚝&#39; 전쟁 전 회귀…&quot;또 오를 수 있다&quot;,SBS Biz 뉴스,https://www.youtube.com/watch?v=jzcDOskjQ-o,2022-08-04
1028,0,0,0,국제유가,국제유가 급반등…WTI 가격 이틀간 42.6%↑,서울경제TV 포커스온,https://www.youtube.com/watch?v=7A8HgC2HLT4,2020-04-24
2559,21,0,5,국제유가,국제유가 배럴당 90달러…6개월 만에 &#39;최저치&#39; / SBS,SBS 뉴스,https://www.youtube.com/watch?v=Za3bDHLKBSc,2022-08-04
2539,37,0,0,국제유가,"천장 뚫은 국제유가 투자 시나리오 세 가지 / 엑슨모빌, 셰브론, 전기차주, 항공주 / 차홍선 케미칼에너지투자자문 대표 / 커넥트 오늘내일 / 성공투자오후증시 / 한국경제TV",한국경제TV,https://www.youtube.com/watch?v=ZPKKHke8rD0,2022-03-03
421,5,0,0,국제유가,무역협회 &quot;국제유가 고점 통과 중… 무역적자 점차 축소&quot; (20220530),이데일리TV,https://www.youtube.com/watch?v=lAqmHfBYcOA,2022-05-30
6820,34,0,36,국제유가,"국제유가 또 폭락…석유회사, 이대로 가다간 &#39;파산 위기&#39; / SBS",SBS 뉴스,https://www.youtube.com/watch?v=5hCBWMBerTs,2020-04-22
8008,92,0,21,국제유가,"국제유가, 우크라 전쟁 이전 수준 90달러 아래로 (2022.08.05/12MBC뉴스)",MBCNEWS,https://www.youtube.com/watch?v=fsxDl1g9n0w,2022-08-05
1142,3,0,0,국제유가,전국 주유소 기름값 2주째 하락 &#39;국제 유가 약세 반영&#39; / YTN, YTN,https://www.youtube.com/watch?v=KYCPEBe6k3M,2020-02-08
2151,18,0,3,국제유가,유류세 인하 속 당분간 ‘이중 가격’…변수는 국제유가 / KBS  2021.11.12.,KBS News,https://www.youtube.com/watch?v=smA8eiIcXI4,2021-11-12
5393,38,0,14,국제유가,OPEC+ “증산 규모 확대”…국제유가는 또 올라 / KBS  2022.06.03.,KBS News,https://www.youtube.com/watch?v=tkJs6tk22jY,2022-06-03
3647,19,0,3,국제유가,&#39;이란 공습&#39;에 국제유가 들썩...국내 영향은? / YTN, YTN,https://www.youtube.com/watch?v=f6GJJhb827w,2020-01-04
4693,82,0,4,국제유가,"[경제 톡톡톡]러, 우크라 침공에 국제유가 100달러 돌파 | 뉴스A 라이브",채널A 뉴스,https://www.youtube.com/watch?v=SOwnpSEQbKQ,2022-03-02
562,3,0,0,국제유가,"국제유가, 5%대 하락...장중 백 달러 아래로 떨어져 / YTN 사이언스",YTN 사이언스 투데이,https://www.youtube.com/watch?v=bJcu7CAibpM,2022-03-15
992,14,0,1,국제유가,경기침체 공포에 국제유가 8~10% 급락…WTI 100달러 붕괴 [굿모닝 MBN],MBN News,https://www.youtube.com/watch?v=i3D6O6nz8NY,2022-07-06
8407,60,0,23,국제유가,"국제유가, 22개월 만에 최대폭 급등 (2021.03.05/930MBC뉴스)",MBCNEWS,https://www.youtube.com/watch?v=70z78BfoIQM,2021-03-05
1519,18,0,0,국제유가,‘날개 없는 추락’ 국제 유가 폭락세 지속…미 원유 업계 붕괴 위기 / KBS뉴스(News),KBS News,https://www.youtube.com/watch?v=uHtqJIjs_1g,2020-04-22
802,9,0,1,국제유가,"[경제읽기] 국제유가 급등…서울 휘발유 가격 1,800원대 / 연합뉴스TV (YonhapnewsTV)",연합뉴스TV,https://www.youtube.com/watch?v=gc6fhfB6Jyo,2022-02-22
785,10,0,2,국제유가,국제유가 배럴당 130달러 돌파…13년만에 최고 / 연합뉴스TV (YonhapnewsTV),연합뉴스TV,https://www.youtube.com/watch?v=sFvBVLcuPz8,2022-03-07
7719,40,0,27,국제유가,우크라이나 사태에 출렁이는 국제유가...휘발윳값 6주 연속↑ / YTN, YTN,https://www.youtube.com/watch?v=YNpeTiKLYco,2022-02-28
1802,12,0,6,국제유가,경기침체 우려에 국제유가 추락…서부텍사스유 6.8%↓ / KBS  2022.06.18.,KBS News,https://www.youtube.com/watch?v=0qu8IZKoMdw,2022-06-18
2257,40,0,2,국제유가,"국제유가 급반등, 투자 적기 시점은? / THE PULSE / 한국경제TV",한국경제TV,https://www.youtube.com/watch?v=2DJB9LKkQ8Q,2020-09-10
5821,36,0,15,국제유가,출렁이는 국제유가 안정될까...미·러 정상 적극 행보 / YTN, YTN,https://www.youtube.com/watch?v=F8dMwfmfPIU,2020-04-04
25325,193,0,80,국제유가,수에즈 운하 사흘째 마비…국제유가 급반등 / SBS,SBS 뉴스,https://www.youtube.com/watch?v=4nzBoRCWU20,2021-03-25
29716,203,0,66,국제유가,&quot;이란 고속정 쏴버려라&quot; 트럼프 한마디에 국제 유가 급반등 / YTN, YTN,https://www.youtube.com/watch?v=xvYDe2Uesdo,2020-04-23
13766,49,0,92,국제유가,휘발유 100원 넘게 하락…유류세 인하·국제유가 영향 / KBS  2022.07.16.,KBS News,https://www.youtube.com/watch?v=KrXxYlQvfRU,2022-07-16
745,3,0,0,국제유가,"국제유가, 중국 경제 우려에 하락…WTI 90달러↓ / 연합뉴스TV (YonhapnewsTV)",연합뉴스TV,https://www.youtube.com/watch?v=u8p0j3zV2Sk,2022-08-16
13982,87,0,32,국제유가,"국제 유가, 연말 가파른 오름세...새해 변수는 &#39;코로나 재확산&#39; / YTN", YTN,https://www.youtube.com/watch?v=0J18G33lVVA,2020-12-27
2825,13,0,0,국제유가,국제유가 급등…우크라이나 긴장 고조 / KBS  2022.01.27.,KBS News,https://www.youtube.com/watch?v=a6ayr5GGHak,2022-01-27
1137,6,0,0,국제유가,국제유가 2년만에 최고치…&quot;경기회복·수요개선 확실&quot; / 연합뉴스 (Yonhapnews),연합뉴스 Yonhapnews,https://www.youtube.com/watch?v=q90ZWgWHeIY,2021-06-02
11965,374,0,7,국제유가,[뉴스3] 국제유가 급락... 우크라이나 전쟁 이전으로 후퇴,삼프로TV_경제의신과함께,https://www.youtube.com/watch?v=U1XuOeg_6vw,2022-08-04
12185,84,0,69,국제유가,국제유가 끝없는 추락...정유업계 &#39;공장 돌릴수록 손해&#39; / YTN, YTN,https://www.youtube.com/watch?v=dWWWF1K7130,2020-03-31
5648,43,0,15,국제유가,"국제유가, 7년 만에 최고치...&quot;지정학적 긴장 지속 시 백달러까지 오를 수 있다&quot; / YTN", YTN,https://www.youtube.com/watch?v=iJ20W8j7Cr4,2022-01-20
3460,33,0,6,국제유가,"국제유가, 배럴당 100달러 아래로…1주 만에 20%↓ / 연합뉴스TV (YonhapnewsTV)",연합뉴스TV,https://www.youtube.com/watch?v=aJ9OxHiXu-M,2022-03-16
2146,15,0,3,국제유가,러시아 원유 금수에 국제유가 한때 130달러 육박 / SBS,SBS 뉴스,https://www.youtube.com/watch?v=jD1O38KT8-4,2022-03-09
331,3,0,0,국제유가,"국제유가, 배럴당 100달러 다시 넘어…WTI 4.3%↑ / 연합뉴스TV (YonhapnewsTV)",연합뉴스TV,https://www.youtube.com/watch?v=Zy6npalDz88,2022-07-08
4517,40,0,7,국제유가,국제유가 고공행진 속 ‘에너지 제재’ 놓고 미-유럽 온도차 / KBS  2022.03.08.,KBS News,https://www.youtube.com/watch?v=KIDeIu7s9CQ,2022-03-08
2711,134,0,8,국제유가,"국제유가 여기까지 오릅니다! 자원무기화 시대, 적정 유가는 얼마일까?",설명왕_테이버,https://www.youtube.com/watch?v=bsUYhcHHwUw,2022-08-22
1482,8,0,3,국제유가,국제유가 한때 배럴당 140달러 육박…브렌트유 139달러 / SBS,SBS 뉴스,https://www.youtube.com/watch?v=A-kbT1HVukU,2022-03-07
2431,25,0,10,국제유가,경기침체 공포에 국제유가 &#39;폭락&#39;…원·달러 환율 1310원 돌파 / JTBC News,JTBC News,https://www.youtube.com/watch?v=1AhY4jc_Hec,2022-07-06
158,4,0,0,국제유가,"[생생] 국제유가 고공행진 당분간 지속, 정유주 투자는 큰 기업에_염승환 이베스트투자증권 이사",YTN 라디오,https://www.youtube.com/watch?v=wlVUxRnvb9Y,2022-03-23
3136,22,0,8,국제유가,경기침체 우려에 국제유가 90달러 붕괴…우크라전 이후 최저 / JTBC 아침&amp;,JTBC News,https://www.youtube.com/watch?v=gy0wyQm1iK0,2022-08-05
867,10,0,3,국제유가,"국제유가 하락세…휘발유 가격 1년반만에 1,500원대 / 연합뉴스TV (YonhapnewsTV)",연합뉴스TV,https://www.youtube.com/watch?v=XfiQmmrSiiE,2022-12-11
230,3,0,0,국제유가,미 역대 최대 비축유 방출에 국제유가 급락...WTI 7%↓ / YTN 사이언스,YTN 사이언스 투데이,https://www.youtube.com/watch?v=BJRCdHfClcQ,2022-04-01
937,5,0,0,국제유가,"IEA 비축유 방출에 국제유가 급락, 시장 영향은?_이슈 파워 (20220407)",이데일리TV,https://www.youtube.com/watch?v=NI-2NQw3Xlw,2022-04-07
1131,10,0,2,국제유가,우크라 침공에 국제유가 급등…배럴당 100달러 돌파 / JTBC News,JTBC News,https://www.youtube.com/watch?v=KTs8Qp07edA,2022-03-02
290,3,0,2,국제유가,"치솟는 국제유가…정유·석유주, 전망 &#39;맑음&#39;",서울경제TV 포커스온,https://www.youtube.com/watch?v=fle8K4z5SbU,2022-03-03
916,13,0,0,국제유가,잡히지 않는 국제 유가… 우크라이나 여파 계속 (2022.03.24/뉴스프리데스크/MBC),MBCNEWS,https://www.youtube.com/watch?v=m5HuVZUpsAo,2022-03-25
61503,546,0,150,국제유가,"국제유가 단 2주만에 40% 폭등, 이러다 &#39;슬로플레이션&#39; 올까? (2022.03.07/뉴스데스크/MBC)",MBCNEWS,https://www.youtube.com/watch?v=OzbMbER56lc,2022-03-07
4674,81,0,2,국제유가,실적 성장세 꺾인 석유화학시장… 국제유가 리스크가 &#39;발목&#39; / 머니투데이방송 (뉴스),MTN 머니투데이방송,https://www.youtube.com/watch?v=1-7e5Y0o5vM,2022-02-14
513,4,0,0,국제유가,반등하는 국제유가…&quot;휘발윳값 이달 말 큰 폭 상승&quot; / 연합뉴스TV (YonhapnewsTV),연합뉴스TV,https://www.youtube.com/watch?v=TMKYAhUJt2k,2020-06-14
660,7,0,4,국제유가,"불확실성 커지는 국제유가, 우리나라 경제엔 어떤 영향 미칠까? / JTBC 상암동 클라스",JTBC News,https://www.youtube.com/watch?v=EfKXY8_IpnI,2022-12-07
14569,164,0,18,국제유가,"국제유가도 환율도 급등...코스피는 2,640선으로 후퇴 / YTN", YTN,https://www.youtube.com/watch?v=1mLT9WGwTdc,2022-03-07
1872,17,0,7,국제유가,인플레이션 잡으려면 국제유가를 붙잡아라? (2022.01.06/뉴스프리데스크/MBC),MBCNEWS,https://www.youtube.com/watch?v=VkKPUCa3Ysc,2022-01-07
224,3,0,0,국제유가,UAE 석유시설 피습에 국제유가 7년 만에 최고치 / YTN 사이언스,YTN 사이언스 투데이,https://www.youtube.com/watch?v=RYOmuveAeqw,2022-01-19
6077,43,0,30,국제유가,"국제유가·환율 동반 상승...휘발유 다시 1,800원대로? / YTN", YTN,https://www.youtube.com/watch?v=2FSt-O-2e0o,2022-02-07
8421,188,0,38,국제유가,[오늘의 Pick? Pick!] 국제유가 대폭락…역사상 최초 &#39;-37달러&#39; (2020.04.21),MBCNEWS,https://www.youtube.com/watch?v=TY2gICdP0wE,2020-04-21
1158,6,0,0,국제유가,국제유가 연일 상승세…장중 환율 1220원대 돌파 / JTBC News,JTBC News,https://www.youtube.com/watch?v=pQnOpOsfc8I,2022-03-07
13663,299,0,17,국제유가,[글로벌 이슈체크] 급등세 보이는 국제유가에 주목받는 원자재 시장 투자전략 f. 대신증권 김소현 책임연구원,삼프로TV_경제의신과함께,https://www.youtube.com/watch?v=2JyVYBYKXz0,2022-02-04
161,2,0,0,국제유가,"국제유가, OPEC+ 증산 유지에도 7년 만에 최고치 / YTN 사이언스",YTN 사이언스 투데이,https://www.youtube.com/watch?v=XJGHB8Rmycg,2022-02-03
1784,21,0,5,국제유가,"국제 유가 &#39;상승&#39;, 美 &#39;한파 셧다운&#39; 여파 (2021.02.18/12MBC뉴스)",MBCNEWS,https://www.youtube.com/watch?v=GaKNgZ83-oc,2021-02-18
327,1,0,0,국제유가,"국제유가, 공급 우려에 이틀 만에 100달러 선 회복 / YTN 사이언스",YTN 사이언스 투데이,https://www.youtube.com/watch?v=vgawJunUsgA,2022-07-08
58619,887,0,42,국제유가,국제유가 감산합의 기대? 수요 회복 안되면 무의미! / 이승조의 진짜전략 / 한국경제TV,한국경제TV,https://www.youtube.com/watch?v=XANWWhPN7L0,2020-04-03
399,4,0,0,국제유가,IEA &quot;국제유가 고공행진 끝이 보인다...미국 등 생산 증가&quot; / YTN 사이언스,YTN 사이언스 투데이,https://www.youtube.com/watch?v=qIrNqJeY1t8,2021-11-17
2175,22,0,1,국제유가,OPEC+ “증산 규모 확대”…국제유가는 또 올라 / KBS  2022.06.03.,KBS News,https://www.youtube.com/watch?v=BLoSy2cBJnw,2022-06-03
3476,43,0,22,국제유가,[신선한 경제] 국제 유가 치솟자 유류세 인하 효과 사라져 (2022.06.13/뉴스투데이/MBC),MBCNEWS,https://www.youtube.com/watch?v=zLw6VWsEbYc,2022-06-13
2711,134,0,8,국제유가,"국제유가 여기까지 오릅니다! 자원무기화 시대, 적정 유가는 얼마일까?",설명왕_테이버,https://www.youtube.com/watch?v=bsUYhcHHwUw,2022-08-22
273,4,0,0,국제유가,"국제유가, 산유국들 증산 기대에 10% 이상 폭락 / YTN 사이언스",YTN 사이언스 투데이,https://www.youtube.com/watch?v=WzQtOmY8BXY,2022-03-10
5955,27,0,17,국제유가,출렁이는 국제유가 안정될까...미·러 정상 적극 행보 / YTN, YTN,https://www.youtube.com/watch?v=uAn-Puzj40o,2020-04-05
2857,18,0,3,국제유가,출렁이는 국제유가 안정될까...미·러 정상 적극 행보 / YTN, YTN,https://www.youtube.com/watch?v=NBNkPcPpBzI,2020-04-04
2731,21,0,2,국제유가,"국제유가, 3거래일 만에 100달러 재돌파 / 연합뉴스TV (YonhapnewsTV)",연합뉴스TV,https://www.youtube.com/watch?v=kT85VcJg7Ug,2022-03-18
1051,16,0,2,국제유가,경기침체 우려에 국제유가 급락…서부 텍사스유 6.8%↓ / 연합뉴스TV (YonhapnewsTV),연합뉴스TV,https://www.youtube.com/watch?v=76TQjFOhwHo,2022-06-18
118,4,0,1,국제유가,[모닝 인사이트] 美 컨설팅업체 &quot;경제 둔화에 국제유가 더 떨어질 것&quot;,SBS Biz 뉴스,https://www.youtube.com/watch?v=BUZfQPh0wkI,2022-10-17
1284,5,0,2,국제유가,국제유가 90달러 붕괴…우크라 전쟁 전 수준으로 / JTBC News,JTBC News,https://www.youtube.com/watch?v=YrX7yC2YG-o,2022-08-05
418,15,0,1,국제유가,국제유가 하락에 수출입물가 2개월 연속 하락 / 연합뉴스TV (YonhapnewsTV),연합뉴스TV,https://www.youtube.com/watch?v=1H5vAxWk_ac,2022-01-13
3924,139,0,6,국제유가,"[글로벌모닝브리핑] &quot;나스닥, 국제유가·밀 가격 급락 이후 기술주가 상승 주도&quot;ㅣ2022.6.20(월)",미래에셋 스마트머니,https://www.youtube.com/watch?v=-iyn1cXwlrc,2022-06-20
316,3,0,0,국제유가,"국제유가, 에너지 부족 우려에 상승…WTI, 7년 만에 80달러 돌파 [굿모닝MBN]",MBN News,https://www.youtube.com/watch?v=fL1GyTry2W4,2021-10-12
1524,9,0,4,국제유가,국제유가 80달러대 고공행진…세계은행 &quot;인플레 위험&quot; / 연합뉴스TV (YonhapnewsTV),연합뉴스TV,https://www.youtube.com/watch?v=OV13LFXzNi4,2021-10-23
378,5,0,0,국제유가,연초 이후 23% 오른 국제유가… 증시 영향은?_뉴스IN이슈 (20210216),이데일리TV,https://www.youtube.com/watch?v=NhF9HXxfWd4,2021-02-16
29549,1919,0,,국제유가,OPEC+ 국제유가 담합에 미국이 정면으로 칼을 빼들었습니다( NOPEC),피셔인베스트,https://www.youtube.com/watch?v=D6bdvgq_RTw,2022-10-06
1018,5,0,6,국제유가,국제 유가 경기침체 우려로 급락…3개월 만에 최저 / KBS  2022.07.13.,KBS News,https://www.youtube.com/watch?v=yu2d2r8ULYc,2022-07-13
530,3,0,0,국제유가,"국제유가, 7년 만에 최고치…&quot;당분간 상승세&quot; / 연합뉴스TV (YonhapnewsTV)",연합뉴스TV,https://www.youtube.com/watch?v=ONan_Mwb1u0,2021-10-19
606,2,0,0,국제유가,"국제유가, 원유수요 회복 난망 전망에 하락...WTI, 24.14달러 / YTN 사이언스",YTN 사이언스 투데이,https://www.youtube.com/watch?v=dYblcvGGHxA,2020-05-12
501,2,0,1,국제유가,국제 유가 또 폭락…경제 활동 기대감에 증시 상승 / SBS,SBS 뉴스,https://www.youtube.com/watch?v=3zy3egw02aI,2020-04-28
659,10,0,0,국제유가,[김대호의 경제읽기] 경기침체 우려에 국제유가 하락…국내 경제 영향은? / 연합뉴스TV (YonhapnewsTV),연합뉴스TV,https://www.youtube.com/watch?v=0nC6_ylxdGw,2022-08-05
383,5,0,0,국제유가,국제유가 상승에 경제 &#39;먹구름&#39;...유류세 30%로 인하? / YTN 사이언스,YTN 사이언스 투데이,https://www.youtube.com/watch?v=uB_T_zpOv2Y,2022-03-29
6971,85,0,20,국제유가,"미국, 역대 최대 비축유 방출‥국제유가 급락 (2022.04.01/930MBC뉴스)",MBCNEWS,https://www.youtube.com/watch?v=LTKxrJKBCdg,2022-04-01
129,1,0,0,국제유가,글로벌 비축유 방출에도 국제유가 급등...WTI 2.3%↑ / YTN 사이언스,YTN 사이언스 투데이,https://www.youtube.com/watch?v=x_2FnIZoVHw,2021-11-24
2648,19,0,9,국제유가,"국제유가 하락세…휘발유 전국 1600원대, 3주 연속 하락 / JTBC 아침&amp;",JTBC News,https://www.youtube.com/watch?v=wzUpI9e7BRE,2022-10-03
30423,997,0,41,국제유가,[최경영의 경제쇼] 0427(월) 이종우ㅡ &quot;국제유가 하락 믿고 &#39;원유ETF&#39; 배팅했단 쫄망각!&quot;,KBS 1라디오,https://www.youtube.com/watch?v=31EhumqTdjU,2020-04-27
3415,20,0,9,국제유가,"국제유가, 배럴당 77달러 돌파...오펙 플러스 증산 무산 / YTN", YTN,https://www.youtube.com/watch?v=BARF4RLzE20,2021-07-06
309,5,0,0,국제유가,국제유가 100달러 밑으로…3개월만에 최저치 / 연합뉴스TV (YonhapnewsTV),연합뉴스TV,https://www.youtube.com/watch?v=Vp7Fe1N9a9g,2022-07-13
1830,8,0,1,국제유가,"국제유가, 1년새 50%↑…&quot;우크라 사태에 당분간 높은 수준 유지&quot; / 연합뉴스TV (YonhapnewsTV)",연합뉴스TV,https://www.youtube.com/watch?v=K0sMoQGGs9o,2022-02-28
4844,29,0,25,국제유가,국제유가 고공행진에…휘발유값 3주 연속 상승 / JTBC News,JTBC News,https://www.youtube.com/watch?v=I-F9YJO92C4,2022-02-06
187,3,0,0,국제유가,국제유가 급등에 뉴욕증시 하락…코스피도 약세,SBS Biz 뉴스,https://www.youtube.com/watch?v=j0EVsJDevdY,2022-03-24
3494,15,0,18,국제유가,[이슈플러스] “국제유가 75불까지” vs “63불선 못 넘어”,서울경제TV 포커스온,https://www.youtube.com/watch?v=D83MS6GmcA0,2021-02-26
7663,102,0,24,국제유가,바이든 &quot;30개국 이상 비축유 방출 동참&quot;‥국제 유가 하락 (2022.04.02/뉴스투데이/MBC),MBCNEWS,https://www.youtube.com/watch?v=2bgWPq3rVbI,2022-04-02
5580,114,0,0,국제유가,[맞수한판] 한국석유 터졌다! &#39;국제유가 폭등&#39; / 푸틴 밀 수출 금지? &#39;식량위기도 현실화&#39; / 삼성전자 또 7만원 붕괴 위기 / 맞수한판 / 매일경제TV,매일경제TV,https://www.youtube.com/watch?v=1EoxFiKRfVU,2022-03-07
935,17,0,0,국제유가,국제 유가 이틀째 폭락…트럼프 &quot;원유 산업 지원&quot; (2020.04.22/5MBC뉴스),MBCNEWS,https://www.youtube.com/watch?v=yG1IATFbSPo,2020-04-22
441,3,0,0,국제유가,"국제유가, 오늘은 급반등…&quot;공급 과잉&quot; 폭락 가능성 여전 / SBS",SBS 뉴스,https://www.youtube.com/watch?v=MDHrKneuYWs,2020-04-23
20000,574,0,8,국제유가,[뉴스3] 경기침체 우려에 국제유가 100달러 밑으로,삼프로TV_경제의신과함께,https://www.youtube.com/watch?v=S74ZCc_VU8k,2022-07-13
924,33,0,0,국제유가,"[갈 테마 가라] 무섭게 치솟는 국제유가… 석유화학주 향방은? / 머니투데이방송 (증시, 증권)",MTN 머니투데이방송,https://www.youtube.com/watch?v=nvR7frkfO0I,2022-06-09
3394,8,0,0,국제유가,"뉴욕증시 3%대 급등...국제유가 18년 만에 최저, 트럼프-푸틴, 국제유가 논의 / YTN", YTN,https://www.youtube.com/watch?v=MdjvOJtQefE,2020-03-31
885,8,0,0,국제유가,오미크론 확산에 연일 급락 이어지는 국제유가_이슈 파워 (20211201),이데일리TV,https://www.youtube.com/watch?v=d3inuC4U8a4,2021-12-01
16080,251,0,39,국제유가,국제유가 폭락…‘침체 공포’ 휩쓴 세계 경제 | 뉴스A,채널A 뉴스,https://www.youtube.com/watch?v=3hqQDeWBIXU,2022-07-06
4549,72,0,8,국제유가,[엠보드톱5] 5위 경기침체 공포에 국제유가 &#39;폭락&#39; (2022.07.13/뉴스프리데스크/MBC),MBCNEWS,https://www.youtube.com/watch?v=PIu3Ss4JRCs,2022-07-14
1057,7,0,0,국제유가,"국제 유가 폭등, 서부 텍사스산 원유 20%↑…트럼프 “수요 재개·멋진 상승” / KBS뉴스(News)",KBS News,https://www.youtube.com/watch?v=YKCRZfO9kFI,2020-05-06
1756,16,0,1,국제유가,무섭게 오르는 국제유가…정유업계 실적 개선세 이어가나 / SBS,SBS 뉴스,https://www.youtube.com/watch?v=42lHsIz8sEI,2022-03-08
6766,65,0,14,국제유가,국제유가 7년 만에 최고치…세계 경제 인플레 우려↑ / KBS  2021.10.12.,KBS News,https://www.youtube.com/watch?v=pz3WIgcsHm0,2021-10-12
1135,7,0,3,국제유가,[투자 아이디어] &#39;국제유가&#39; 이제 떨어질 일만 남았다? / 유가 하락 맞춤형 종목은? / 결정적 투자 / 매일경제TV,매일경제TV,https://www.youtube.com/watch?v=OruB786OYTE,2022-03-16
2390,19,0,8,국제유가,국제유가 가파른 상승…국내 기름값도 오름세 / 연합뉴스TV (YonhapnewsTV),연합뉴스TV,https://www.youtube.com/watch?v=quNfAz5f0_8,2022-01-21
79,1,0,0,국제유가,"국제유가, 내년 원유 수요 회복 기대감에 이틀째 상승 / YTN 사이언스",YTN 사이언스 투데이,https://www.youtube.com/watch?v=e6ArKveU6UM,2020-06-17
247,3,0,1,국제유가,국제 유가 우크라 전쟁 이전 수준 하락...경기 침체 우려 / YTN 사이언스,YTN 사이언스 투데이,https://www.youtube.com/watch?v=-54Veeoxdyc,2022-08-17
2299,25,0,0,국제유가,국제유가 100달러 전망… 다시 주목받는 정유株_뉴스IN이슈 (20210610),이데일리TV,https://www.youtube.com/watch?v=2xUS5SQ7t1s,2021-06-10
916,3,0,2,국제유가,미국-이란 ‘긴장 고조’…국제유가 급등·뉴욕증시 하락 / KBS뉴스(News),KBS News,https://www.youtube.com/watch?v=FftlRAOpR3k,2020-01-04
1149,19,0,4,국제유가,국제유가 한때 130달러 돌파…제재 공포 완화에 진정 / SBS,SBS 뉴스,https://www.youtube.com/watch?v=zAu1xP60q5s,2022-03-08
670,23,0,1,국제유가,국제유가 7년만에 최고치로 다시 급등 ‘유가잡기 아직 먼길’,WKTV USA,https://www.youtube.com/watch?v=8XMRSJmjv4E,2022-01-19
149,1,0,0,국제유가,"국제 유가, 엿새 만에 하락 반전 / YTN 사이언스",YTN 사이언스 투데이,https://www.youtube.com/watch?v=4GwdYggaN_U,2020-05-07
363,1,0,0,국제유가,국제유가 100달러 돌파…2014년 이후 최고 / 연합뉴스TV (YonhapnewsTV),연합뉴스TV,https://www.youtube.com/watch?v=KpR-ViEptCM,2022-03-02
1159,16,0,6,국제유가,국제 유가 대폭락…사상 첫 &#39;마이너스&#39; (2020.04.21/5MBC뉴스),MBCNEWS,https://www.youtube.com/watch?v=_VdIw4_1Lp4,2020-04-21
234,2,0,0,국제유가,제주항공(089590)... 국제 유가ㆍ환율 안정세… 긍정적_테마IN이슈 (20221223),이데일리TV,https://www.youtube.com/watch?v=HsvHcPSClH4,2022-12-23
6020,52,0,1,국제유가,"7년 만에 최고치 찍은 국제유가, ‘고공행진’ 언제까지?_경제판 돋보기 (20211006)",이데일리TV,https://www.youtube.com/watch?v=FWyLWu5odgI,2021-10-06
12225,440,0,17,국제유가,[머니올라 480화] 국제유가 다소 안정세...하반기에 물가 진정될까?(오건영 부부장),머니올라_KBS,https://www.youtube.com/watch?v=UQuZ2Nwf1Zg,2022-03-23
3240,45,0,4,국제유가,"[손경제 플러스+] &quot;분위기 달라진 국제 유가, 차기 정부의 정책 기대감.. 증시 전망&quot; , MBC 220311 방송",MBC 라디오 시사,https://www.youtube.com/watch?v=idSEZ9UNCx0,2022-03-11
16436,318,0,5,국제유가,"[애프터 마켓] 국제유가 $90 돌파! 美 원유업계, 증산 않는 까닭은? / 머니투데이방송 (증시, 증권)",MTN 머니투데이방송,https://www.youtube.com/watch?v=FkXNmDurBss,2022-02-04
6244,101,0,9,국제유가,&#39;뉴욕 증시&#39; 개장 4분 만에 중단…국제유가 &#39;폭락&#39; (2020.03.10/뉴스데스크/MBC),MBCNEWS,https://www.youtube.com/watch?v=XJxS0ar319E,2020-03-10
451,2,0,1,국제유가,"국제유가, 공급 부족 우려에 3거래일 만에 다시 1백 달러 돌파 / YTN 사이언스",YTN 사이언스 투데이,https://www.youtube.com/watch?v=_8SosPN1ejw,2022-03-18
2826,19,0,2,국제유가,국제유가 첫 마이너스…미 봉쇄령에 &#39;항의시위&#39; 잇따라 / JTBC 아침&amp;,JTBC News,https://www.youtube.com/watch?v=rdVngx3F2sI,2020-04-21
526,1,0,1,국제유가,국제 유가 대폭락…사상 첫 마이너스대로 떨어져 / KBS뉴스(News),KBS News,https://www.youtube.com/watch?v=3UwdkadpqlI,2020-04-21
95,1,0,0,국제유가,"국제유가, 7년 만에 최고치...&quot;지정학적 긴장 지속 시 백달러까지 오를 수 있다&quot; / YTN 사이언스",YTN 사이언스 투데이,https://www.youtube.com/watch?v=mZZd6cnJ76I,2022-01-20
399,42,0,1,국제유가,전월보다 20% 상승한 국제유가…3월 물가 치솟나,뉴스토마토,https://www.youtube.com/watch?v=MfeyeJ-6EeU,2022-04-01
47,0,0,0,국제유가,"국제유가 재급등...WTI, 8% 올라 100달러 돌파 / YTN 사이언스",YTN 사이언스 투데이,https://www.youtube.com/watch?v=SqizVSVS3uY,2022-03-02
346,8,0,0,국제유가,국제유가 급락에 &#39;활짝&#39; 웃은 여행·항공주,뉴스토마토,https://www.youtube.com/watch?v=FraxxlODML4,2022-03-11
19111,2057,0,61,국제유가,나스닥1%하락#야간선물지수상승#국제유가급등#LG에너지솔루션#태조이방원#일론머스크#테슬라#삼성전자#국내증시영향은,TV주식의 강해,https://www.youtube.com/watch?v=etgcwKHO5aw,2022-08-30
7048,56,0,32,국제유가,"&#39;유류세 인하&#39; 약발 끝?...국제유가 뛰며 휘발윳값 1,800원 돌파 전망 / YTN", YTN,https://www.youtube.com/watch?v=fVj63oQKTXQ,2022-02-07
69,3,0,0,국제유가,국제유가 100달러 밑으로...3개월 만에 최저 / YTN 사이언스,YTN 사이언스 투데이,https://www.youtube.com/watch?v=MShfFoVr63k,2022-07-13
140,3,0,0,국제유가,"국제유가, 러시아에 대한 제재 강화 우려에 4% 상승 / YTN 사이언스",YTN 사이언스 투데이,https://www.youtube.com/watch?v=BKCWsivg3gg,2022-04-05
608,13,0,1,국제유가,[애널리스트에게 듣는다] 치솟는 원자재·국제유가 방향성은? / 애널리스트에게 듣는다 / 매일경제TV,매일경제TV,https://www.youtube.com/watch?v=KNHBsD5Y0mY,2022-02-10
706,9,0,0,국제유가,스멀스멀 인플레이션 공포…국제유가가 급등하고 있다,SBS Biz 뉴스,https://www.youtube.com/watch?v=DJ280cvZIlo,2021-05-06
90277,650,0,172,국제유가,&#39;오미크론&#39; 공포에 글로벌 증시·국제유가 폭락...1배럴에 70달러 붕괴 / YTN, YTN,https://www.youtube.com/watch?v=2OpSjKQPnwk,2021-11-27
3514,34,0,10,국제유가,"러시아-우크라이나 긴장 확대, 국제유가 급등… 글로벌 경제 영향은?_경제판 돋보기 (20220214)",이데일리TV,https://www.youtube.com/watch?v=JGQVTKRvBA0,2022-02-14
2620,35,0,2,국제유가,"[손경제 플러스+] &quot;인플레, 국채금리, 국제유가 급등.. 전망 및 리스크 관리 / 해외 코로나 상황 점검&quot; , MBC 220211 방송",MBC 라디오 시사,https://www.youtube.com/watch?v=wgQ0t4DUPec,2022-02-11
2206,30,0,1,국제유가,경기침체 우려에 국제유가 추락…서부 텍사스유 6.8%↓ / 연합뉴스TV (YonhapnewsTV),연합뉴스TV,https://www.youtube.com/watch?v=Llab4rN7HD8,2022-06-18
443,2,0,0,국제유가,국제 유가 급락으로 미국 셰일 석유 업체 비상 / YTN 사이언스,YTN 사이언스 투데이,https://www.youtube.com/watch?v=wtGOsDLGq-A,2020-03-10
109,3,0,0,국제유가,국제유가 급락…DLS 원금손실 가능성↑,서울경제TV 포커스온,https://www.youtube.com/watch?v=BzYUuywKTjI,2020-03-11
22890,787,0,11,국제유가,"[뉴스3] 국제유가, 우크라이나 전쟁 위협으로 100달러 육박",삼프로TV_경제의신과함께,https://www.youtube.com/watch?v=PT8y00k2hr0,2022-02-23
18122,367,0,6,국제유가,"[투자뉴스7] 국제유가&amp; 천연가스 이유있는 급등! 관련주 아직 늦지 않았다! / 머니투데이방송 (증시, 증권)",MTN 머니투데이방송,https://www.youtube.com/watch?v=dh7ypH7gMZc,2021-09-29
74,0,0,0,국제유가,지난달 수입 물가 2.8% ↑...국제 유가·환율 상승 / YTN 사이언스,YTN 사이언스 투데이,https://www.youtube.com/watch?v=JucKgmqI5k8,2021-02-16
43,0,0,0,국제유가,"국제유가, 소폭 하락...여전히 배럴당 120달러 웃돌아 / YTN 사이언스",YTN 사이언스 투데이,https://www.youtube.com/watch?v=MpfWdMi6xho,2022-06-10
599,11,0,4,국제유가,[이슈의 재구성] 국제 유가 하락 항공주 날아오를까? / 매일경제TV / 이건원 메리츠증권 영업부금융센터 부장,매일경제TV,https://www.youtube.com/watch?v=KHd5TFwLFSM,2022-07-06
1865,27,0,4,국제유가,"[목돈연구소] 뉴FANG특집-연료(FUEL)편! 국제유가, 내년돼야 안정된다!?",SBS 시사교양 라디오 - 시교라,https://www.youtube.com/watch?v=OuzMZj0ZoAA,2022-04-07
659,7,0,0,국제유가,"[이슈의 재구성] 국제유가 급등락에 울고웃는 정유주, 전망은? / 매일경제TV / 사영관 교보증권 스마트영업부 차장",매일경제TV,https://www.youtube.com/watch?v=HnGH_HBdrgc,2022-09-05
524517,8381,0,215,국제유가,"국제유가의 열쇠, 석유 부자 국가 사우디 [사우디아라비아 1~7부 통합본]",최준영 박사의 지구본 연구소,https://www.youtube.com/watch?v=KrVxRE-f5so,2022-03-25
2434,38,0,3,국제유가,기름값 왜 이렇게 오르지?…“국제유가 100달러 돌파할 것”,SBS Biz 뉴스,https://www.youtube.com/watch?v=xWqwrijJR78,2022-02-04
31,2,0,0,국제유가,국제유가 또 대폭락...트럼프 지원도 안 먹혀 / YTN 사이언스,YTN 사이언스 투데이,https://www.youtube.com/watch?v=vwD5ufBTIC8,2020-04-22
123,4,0,1,국제유가,올해 수출 첫 7천억달러 전망…국제 유가 탓 무역수지 적자,뉴스토마토,https://www.youtube.com/watch?v=1xpAIxBcsVk,2022-06-21
2216,14,0,4,국제유가,[글로벌 경제] 미-이란 갈등 봉합되나…국제유가 ‘하락’·미국 증시 ‘상승’ / KBS뉴스(News),KBS News,https://www.youtube.com/watch?v=noHpQIime4A,2020-01-09
5415,392,0,4,국제유가,[정완진TV] 이란 &#39;사우디 침공?&#39;...&quot;국제유가 또 폭등?&quot; [멋진아재TV],정완진TV,https://www.youtube.com/watch?v=Yex8SP2_UYc,2022-11-03
2517,20,0,1,국제유가,"AMD, 예상치 밑도는 3분기 매출 / “국제유가 올 연말 110달러, 내년초 115달러&quot; / 中, 보잉 배제 노골화… 에어버스 발주 급증_글로벌 증시 VIEW (20221007)",이데일리TV,https://www.youtube.com/watch?v=YU7jEI5431E,2022-10-07
2974,60,0,1,국제유가,"[기획특집] 국제유가, &#39;금융위기 팬데믹&#39; 뇌관되나? - 박종연  / (증시, 증권)",MTN 머니투데이방송,https://www.youtube.com/watch?v=M5o8BBoZwBI,2020-04-03
6806,47,0,12,국제유가,국제유가 고공행진 속 ‘에너지 제재’ 놓고 미-유럽 온도차 / KBS  2022.03.08.,KBS News,https://www.youtube.com/watch?v=bp734J3wvkM,2022-03-08
2759,14,0,1,국제유가,긴축 전망에 뉴욕증시 하락…국제유가 7년 만에 최고 / JTBC 아침&amp;,JTBC News,https://www.youtube.com/watch?v=Qjz6zMAQQGI,2022-01-19
7199,124,0,36,국제유가,경기침체 우려에‥ 국제유가 8~10% &#39;급락&#39; (2022.07.06/12MBC뉴스),MBCNEWS,https://www.youtube.com/watch?v=6zfUVtavxw8,2022-07-06
33447,909,0,28,국제유가,[뉴스3] 국제유가 27% 하락... 우크라 침공 이전 수준 복귀,삼프로TV_경제의신과함께,https://www.youtube.com/watch?v=nz7K0za2GTA,2022-03-16
2391,72,0,8,국제유가,&#39;경기 침체 공포&#39; 확산에 코스피 2300선 붕괴…국제유가 급락,뉴스TVCHOSUN,https://www.youtube.com/watch?v=W9mwHCWD4gI,2022-07-06
119857,2440,0,60,국제유가,"[홍사훈의 경제쇼] 이종우, 심상찮은 국제유가, 원자재 가격..어디까지 오를까?｜KBS 220211 방송",KBS 1라디오,https://www.youtube.com/watch?v=SwQTc9vUV2o,2022-02-11
374,3,0,1,국제유가,&quot;국제유가 고점 통과 중...하반기 무역적자 점차 축소&quot; / YTN 사이언스,YTN 사이언스 투데이,https://www.youtube.com/watch?v=cupguVorwPQ,2022-05-30
903,4,0,0,국제유가,‘감산 기대감’ 국제유가 급등…추세전환은 불확실,서울경제TV 포커스온,https://www.youtube.com/watch?v=ukdYoV_shAo,2020-04-03
3126,135,0,7,국제유가,"국제유가, 85 달러 돌파, &#39;고유가 시대&#39; 관련주 투자전략 / 유동원 유안타증권 본부장 / 유동원의 성공투자 / 한국경제TV",한국경제TV,https://www.youtube.com/watch?v=-fcNWf2fKc4,2022-01-26
228,3,0,0,국제유가,짙어지는 경기 침체 그림자... 국제유가 100달러 아래로_경제판 돋보기 (20220714),이데일리TV,https://www.youtube.com/watch?v=m4VUmCqcUGc,2022-07-14
37,0,0,0,국제유가,국제유가 고공행진에...지난달 생산자물가 또 급등 / YTN 사이언스,YTN 사이언스 투데이,https://www.youtube.com/watch?v=DXcrObR6pds,2022-03-23
9611,181,0,4,국제유가,"[더블S 리프레시] 심상치 않은 국제유가 상승세, 수혜주는? / 더블S 리프레시 / 매일경제TV",매일경제TV,https://www.youtube.com/watch?v=1ONHYjQXDe8,2021-09-16
3648,90,0,6,국제유가,국제유가 100달러 전망 속 레버리지 열풍  / THE PULSE  / 한국경제TV,한국경제TV,https://www.youtube.com/watch?v=dsYfFra0Oa8,2021-06-09
326,7,0,1,국제유가,7년 만에 최고치 찍은 국제유가... 정유업계 반사이익 &#39;글쎄&#39; (20220302),이데일리TV,https://www.youtube.com/watch?v=DWqzHI9-4Q8,2022-03-02
288,3,0,0,국제유가,국제유가 하락 추세인가?!,땡큐 백승배 증권TV,https://www.youtube.com/watch?v=iLvZcGNgPJo,2022-11-10
4317,45,0,1,국제유가,환율 급등·주가 급락…“전쟁·국제 유가 영향” / KBS  2022.03.07.,KBS News,https://www.youtube.com/watch?v=jUg9ZkpoOLo,2022-03-07
257,2,0,0,국제유가,7년래 최고치 찍은 국제유가… 항공·철강업계 ‘초긴장’ (20220120),이데일리TV,https://www.youtube.com/watch?v=vJFIcCz0yrY,2022-01-20
3875,57,0,14,국제유가,국제유가 100달러 넘을까? 돈 벌고 싶다면 &#39;여기&#39; 투자하세요,부꾸미 - 부자를 꿈꾸는 개미,https://www.youtube.com/watch?v=2BEzr-cRl0U,2021-07-26
51,0,0,0,국제유가,"국제유가, 공급 우려에 브렌트유 다시 120달러 돌파 / YTN 사이언스",YTN 사이언스 투데이,https://www.youtube.com/watch?v=C7Eg77-KRt0,2022-03-24
11519,102,0,23,국제유가,&#39;러시아 침공 임박설&#39;에 미국 증시 급락…국제 유가도 영향 / SBS / 친절한 경제,SBS 뉴스,https://www.youtube.com/watch?v=LMy-8CcKWcg,2022-02-14
202,3,0,1,국제유가,OPEC+ &#39;원유 감산&#39; 난항...국제유가 급락 / YTN 사이언스,YTN 사이언스 투데이,https://www.youtube.com/watch?v=vyF4Xv7D1kU,2020-04-10
848,10,0,0,국제유가,130달러 돌파한 국제유가… 고공행진 이어갈까?_이슈 파워 (20220308),이데일리TV,https://www.youtube.com/watch?v=fdVahmtMDQc,2022-03-08
620,12,0,2,국제유가,국제유가 빠진다신재생에너지주 조정 대비하자 / 투시경 앵커 브리핑 / 매일경제TV,매일경제TV,https://www.youtube.com/watch?v=M36euhNa-Hg,2022-08-02
625,19,0,0,국제유가,"[생생경제]밤사이 국제유가 폭락 / 최근 제2의 벤처붐 확산, 핵심 동력은 디지털 / 외국인 자금 유출과 개인투자여력 감소까지 겹친 국내증시",YTN 라디오,https://www.youtube.com/watch?v=1REcJIZmyg8,2022-07-06
20037,1695,0,53,국제유가,나스닥-3.8%급락#엔비디아#애플#테슬라#국제유가급등#금리인상#반도체#이번주대응전략은,TV주식의 강해,https://www.youtube.com/watch?v=QQuJL6tjmQA,2022-10-10
340,3,0,1,국제유가,"성광벤드(014620), 현대일렉트릭(267260)... 국제유가, 감산 영향에 상승 곡선… 수혜주는?_정성일의 투자 인사이트 (20221007)",이데일리TV,https://www.youtube.com/watch?v=DQ3ziI4_2cs,2022-10-07
234,1,0,1,국제유가,국제유가 3개월 만에&#39;120달러&#39; 돌파... #shorts,이데일리TV,https://www.youtube.com/watch?v=BgvROEizG5k,2022-06-09
102500,652,0,296,국제유가,미국 환자 100만 명 넘어...국제유가 또 급락 / YTN, YTN,https://www.youtube.com/watch?v=XHixY-SVHxw,2020-04-28
32521,242,0,66,국제유가,국제유가 고공행진 속 ‘러 에너지 제재’ 놓고 미-유럽 온도차 / KBS  2022.03.08.,KBS News,https://www.youtube.com/watch?v=8ATGfqYPTFg,2022-03-08
997,79,0,14,국제유가,"국제 유가 상승? 하락? 그린뉴딜, 신재생에너지 시대의 원유투자 [투자탐구생활]",대신TV,https://www.youtube.com/watch?v=cSP8wKjjp8I,2021-09-02
18911,120,0,37,국제유가,"[투데이 Pick? Pick!] 미국, 역대 최대 비축유 방출‥국제유가 급락(2022.04.01)",MBCNEWS,https://www.youtube.com/watch?v=PoqImWPxhmQ,2022-04-01
135,2,0,1,국제유가,극에 달한 경기침체 공포… 달러 강세·국제유가 급락_이슈 파워 (20220706),이데일리TV,https://www.youtube.com/watch?v=pbnQEiQa3sM,2022-07-06
102500,652,0,296,국제유가,미국 환자 100만 명 넘어...국제유가 또 급락 / YTN, YTN,https://www.youtube.com/watch?v=XHixY-SVHxw,2020-04-28
32521,242,0,66,국제유가,국제유가 고공행진 속 ‘러 에너지 제재’ 놓고 미-유럽 온도차 / KBS  2022.03.08.,KBS News,https://www.youtube.com/watch?v=8ATGfqYPTFg,2022-03-08
997,79,0,14,국제유가,"국제 유가 상승? 하락? 그린뉴딜, 신재생에너지 시대의 원유투자 [투자탐구생활]",대신TV,https://www.youtube.com/watch?v=cSP8wKjjp8I,2021-09-02
18911,120,0,37,국제유가,"[투데이 Pick? Pick!] 미국, 역대 최대 비축유 방출‥국제유가 급락(2022.04.01)",MBCNEWS,https://www.youtube.com/watch?v=PoqImWPxhmQ,2022-04-01
135,2,0,1,국제유가,극에 달한 경기침체 공포… 달러 강세·국제유가 급락_이슈 파워 (20220706),이데일리TV,https://www.youtube.com/watch?v=pbnQEiQa3sM,2022-07-06
786038,4538,0,386,국제유가,국제유가를 흔들 수 있는 원유매장량이 많은 나라들,보통남자,https://www.youtube.com/watch?v=_LD-qsg_R9I,2021-06-11
4350,32,0,14,국제유가,"&quot;국제유가 200달러 전망 나왔다&quot;... 불 붙은 정유주, 랠리 지속될까_신소장의 시그널 (20220304)",이데일리TV,https://www.youtube.com/watch?v=NjvPX2NrGFY,2022-03-04
2922,36,0,2,국제유가,"[해외선물가이드] 국제유가 50달러 이탈, 바닥은 어디? - 김선규 /(증시, 증권)",MTN 머니투데이방송,https://www.youtube.com/watch?v=1TYKvFKDH8c,2020-02-05
6410,605,0,16,국제유가,[정완진TV] 국제유가 &#39;급락&#39;...&quot;왜? 왜? 왜?&quot; [멋진아재TV],정완진TV,https://www.youtube.com/watch?v=eYwbxKBaEbI,2022-09-09
12587,915,0,,국제유가,국제유가 와 2007년 버핏의 에너지거품투자 코노코필립스 사건,피셔인베스트,https://www.youtube.com/watch?v=no-EKkZ6NGk,2022-10-11
654,26,0,1,국제유가,골드만삭스 수석전략가 &quot;국제유가 130달러 갈 것… 경기침체 우려 시기상조&quot;,한경 글로벌마켓 라운지,https://www.youtube.com/watch?v=dA6IKCEIjbo,2022-08-02
118,1,0,0,국제유가,"국제유가, 배럴당 77달러 돌파...오펙 플러스 증산 무산 / YTN 사이언스",YTN 사이언스 투데이,https://www.youtube.com/watch?v=rGbJd2T0-W4,2021-07-06
17470,2150,0,63,국제유가,나스닥급락#테슬라-7%#국제유가하락#코스피코스닥시장영향은?,TV주식의 강해,https://www.youtube.com/watch?v=iNYKgqR4g3M,2022-11-10
45,3,0,0,국제유가,국제 유가 급등에 생산자물가 13년 만에 최대폭 ↑ / YTN 사이언스,YTN 사이언스 투데이,https://www.youtube.com/watch?v=qMmdTTDaMS0,2021-11-19
504,6,0,0,국제유가,"중앙에너비스(000440)... 사우디, 국제유가 하락에 감산 가능성 시사 / 우진... &#39;Q클래스&#39; 인증 획득… 계측 기술 경쟁력 보유_개장 관심주 (20220826)",이데일리TV,https://www.youtube.com/watch?v=JdWNM3X1hmo,2022-08-26
1039,26,0,2,국제유가,국제유가 상승의 압력은 유효하지만 하반기 상승 지속 기대(21.07.07),키움증권 채널K,https://www.youtube.com/watch?v=Dc22RrYbeHU,2021-07-08
511,13,0,0,국제유가,"중앙에너비스(000440)... 국제 유가, 100달러 부근 저점 형성 확인_테마IN이슈 (20220428)",이데일리TV,https://www.youtube.com/watch?v=33sTTx5cC2g,2022-04-28
180,3,0,0,국제유가,러시아·사우디 악재에.. 주춤했던 국제유가 급등,OBS뉴스,https://www.youtube.com/watch?v=YkenXtXVT6o,2022-07-20
843,5,0,0,국제유가,국제유가 첫 &#39;마이너스&#39;…정유업계 &quot;기름 만들수록 손해&quot; / JTBC 뉴스룸,JTBC News,https://www.youtube.com/watch?v=xq3nDSQLIBE,2020-04-21
23864,1761,0,,국제유가,투기자본 나가는 국제유가 급락한다는 의견이 나오고있다,피셔인베스트,https://www.youtube.com/watch?v=vr19nd9RUvs,2022-06-23
12315,602,0,48,국제유가,"[투자 아이디어] 국제유가 130달러 돌파 / &quot;유가 185달러 전망도, 최악의 상황&quot; / 홍성학더원프로젝트 대표 / 결정적 투자 / 매일경제TV",매일경제TV,https://www.youtube.com/watch?v=bnDSOuaLG3c,2022-03-07
5831,46,0,33,국제유가,국제유가 다시 불안…주식양도세 폐지 공약 실현될까? / JTBC 아침&amp;,JTBC News,https://www.youtube.com/watch?v=CWeyGj0HrZA,2022-03-28
3119,10,0,4,국제유가,"미국, 열대성 폭풍 ‘로라’ 접근에 초긴장…국제 유가 출렁 / KBS뉴스(News)",KBS News,https://www.youtube.com/watch?v=jftn_hwetkg,2020-08-26
17621,635,0,27,국제유가,"러시아-인도-중국, 국제유가 교란시키는 기름진 삼각관계 / 정인설의 워싱턴나우",한경 글로벌마켓,https://www.youtube.com/watch?v=R8kNu130J-4,2022-06-03
131,10,0,0,국제유가,"[0510마감체크] 국제유가 급락, S-Oil·GS 등 약세",인포스탁데일리,https://www.youtube.com/watch?v=-n6wLQuHGGQ,2022-05-10
3740,66,0,8,국제유가,국제 유가·천연가스 가격 동향 및 전망 / THE PULSE  / 한국경제TV,한국경제TV,https://www.youtube.com/watch?v=CrzJVtAfmMQ,2021-05-18
705,14,0,0,국제유가,러시아 무차별 공격으로 국제유가 110달러대로 급등 ‘오일쇼크 오나’,WKTV USA,https://www.youtube.com/watch?v=rumYYOAJT_o,2022-03-03
308,3,0,0,국제유가,S-Oil(010950)... 4분기 국제유가 하방경직 가능성 / 현대건설기계(267270)... 중국 내 굴삭기 교체 시기 도래_개장 관심주 (20221004),이데일리TV,https://www.youtube.com/watch?v=1UieC89QeF8,2022-10-04
998,14,0,0,국제유가,포스코인터내셔널(047050)... 국제유가·천연가스 고공행진… 주목할 수혜주는?_정성일의 투자 인사이트 (20220311),이데일리TV,https://www.youtube.com/watch?v=4BbXbcVkpQM,2022-03-11
4606,104,0,9,국제유가,밤사이 국제유가 &#39;폭락&#39;‥WTI 100달러 붕괴 - [LIVE] MBC 930뉴스 2022년 07월 06일,MBCNEWS,https://www.youtube.com/watch?v=asKxicwzCwQ,2022-07-06
937,15,0,2,국제유가,"이번주 국제유가, OPEC+ 회의 주목ㅣ투데이마감시황(22.09.05)",키움증권 채널K,https://www.youtube.com/watch?v=WaZ8qTuWl1E,2022-09-05
510,6,0,9,국제유가,"[김대호의 경제읽기] 국제유가 급등…서울 휘발유 가격 1,800원 돌파 / 연합뉴스TV (YonhapnewsTV)",연합뉴스TV,https://www.youtube.com/watch?v=h1hAotgzRz8,2021-10-19
64,3,0,0,국제유가,국제유가 8.2% 급락! WTI 99.5달러 #뉴욕타임즈 #마켓워치,토마토증권통 TomatoTV,https://www.youtube.com/watch?v=f0Z4XmgCJv8,2022-07-06
21058,1434,0,,국제유가,국제유가와 구리가격은 왜 반대로 갈까? 유가에 목숨걸어야하는 현실,피셔인베스트,https://www.youtube.com/watch?v=sSynR6sWWeU,2022-06-17
2665,41,0,3,국제유가,"[이진우의 손에 잡히는 경제] &quot;국제유가 급등에 다시 뜨는 미국 셰일 가스 / 보험료 카드납부는 왜 여전히 잘 안 되나&quot; , MBC 220311방송",MBC 라디오 시사,https://www.youtube.com/watch?v=iwX2OqQEVAk,2022-03-11
2893,77,0,8,국제유가,금리역전차확대·달러강세·국제유가 하락 등으로 외국인 수급 어디로...?ㅣ고수의 기술적분석(22.07.13),키움증권 채널K,https://www.youtube.com/watch?v=hahOpNL35T4,2022-07-13
252,5,0,1,국제유가,#국제유가 하락 7부 능선 넘었다,서울경제TV,https://www.youtube.com/watch?v=ngJ1aGdSB58,2022-08-05
60,1,0,0,국제유가,"국제유가·원자재 가격 급락, 인플레이션 정점 기대감 형성 [수급戰, 투데이 위너]",토마토증권통 TomatoTV,https://www.youtube.com/watch?v=kA-zraC01L8,2022-07-13
180,3,0,0,국제유가,"&quot;물가 잡으려 공공요금 동결했지만, 오르는 국제유가는?&quot; [황보선의 출발 새아침, 황출새] / YTN라디오",YTN 라디오,https://www.youtube.com/watch?v=wFL0FST2PBo,2021-09-30
32542,732,0,17,국제유가,"[#경주마] 폐배터리 &#39;ESS VS 리사이클링&#39;｜국제유가, 가격안정 VS 경기침체｜희비갈린 IPO &#39;철회 VS 따상&#39; (feat.차영주/김민수/김동엽)",한국경제TV,https://www.youtube.com/watch?v=AVQGdQGepFs,2022-08-04
353,4,0,0,국제유가,다시 치솟은 국제유가... &#39;호실적 기대&#39; 정유주 투자매력은?_뉴스IN이슈 (20220419),이데일리TV,https://www.youtube.com/watch?v=_UMt2_3Il9k,2022-04-19
1441,7,0,0,국제유가,국제유가 급락! 항공·정유 희비교차 [마감 시황],토마토증권통 TomatoTV,https://www.youtube.com/watch?v=5dJ-p2mw6K4,2022-09-08
16717,98,0,6,국제유가,"[풀영상] 뉴스7 : 코스피 2,300선 붕괴 마감…국제유가 ‘급락’ - 2022년 7월 6일(수) / KBS",KBS News,https://www.youtube.com/watch?v=FWRP5hJ3RXI,2022-07-06
1784,113,0,14,국제유가,-긴급점검-미증시 발작 테슬라 급락국제유가 급락기대인플레이션,마라톤 투자,https://www.youtube.com/watch?v=vYHqD-Mfpew,2022-10-15
3030,52,0,11,국제유가,"[GS, 목표가 6만원  &#39;BUY&#39; ] 국제 유가 상승 수혜, GS칼텍스에 발전사업까지!_모닝 인싸이트",깨비증권 마블TV [KB증권],https://www.youtube.com/watch?v=s2j2GHIA97A,2021-04-21
155,4,0,0,국제유가,국제유가 폭락! 에너지·경기민감주↓ [마감 시황],토마토증권통 TomatoTV,https://www.youtube.com/watch?v=uyZR-SdDDOg,2022-07-06
25749,455,0,7,국제유가,"코리아마켓 [콕톡] 40년만에 닥친 미국發 인플레 / 국제유가 상승 추세 / 2차전지,태양광 등 신재생에너지株 뜬다 (feat. 삼성SDI/SK이노베이션/LG에너지솔루션/엘앤에프)",한국경제TV,https://www.youtube.com/watch?v=sznlbNfRe60,2022-06-07
118,2,0,0,국제유가,"반도체주 상승 기대감ㅣ국제유가의 하락ㅣ테슬라, 예상보다 좋은 실적 #글로벌증시 #외신",토마토증권통 TomatoTV,https://www.youtube.com/watch?v=PwoZHat3XRg,2022-07-21
9192,139,0,0,국제유가,"[오늘장 랭킹5] 치솟는 국제유가 S-Oil 주가 천장 뚫을까? / 머니투데이방송 (증시, 증권)",MTN 머니투데이방송,https://www.youtube.com/watch?v=DBWDIeTBxJY,2022-03-07
8986,48,0,16,국제유가,[뉴스룸 모아보기] 코로나에 멈춘 세계…국제유가 첫 &#39;마이너스&#39; / JTBC News,JTBC News,https://www.youtube.com/watch?v=Ga7j9MrIE2M,2020-04-22
5211,32,0,0,국제유가,10월 국제유가 상승 전망! 관련주 지금부터 사모으자/ 야간특송,주식명가 MTN W,https://www.youtube.com/watch?v=x0A43lORcR8,2022-08-03
504477,4358,0,249,국제유가,절정에 이른 미국 VS 사우디 석유 갈등!! 세계 유가를 뒤흔드는 산유국 간 이해관계 #highlight #벌거벗은세계사 EP.58,tvN,https://www.youtube.com/watch?v=hg1ZtbZKlGw,2022-08-04
948,73,0,0,국제유가,"국제 유가 상승으로 인한 유류세 30% 인하, 기간 연장한다! | 안신혜앵커 | 위키트리 권혁재PD | 모빌리티 | 자동차 | 유가 | 유류세 | 기름 | 기름값 |",M트렌드,https://www.youtube.com/watch?v=xLcLkHkUK3E,2022-04-11
109,5,0,2,국제유가,[2023 경제대전망] 7. 국제 유가의 미래,토마토투자자문,https://www.youtube.com/watch?v=YqlryFyy5CM,2022-12-23
397,18,0,0,국제유가,미국도 어쩌지 못하는 기름값…😢 국제유가 시장의 가장 큰 변수 3가지는 이것?![윤홍우의 워싱턴24시],서울경제 월드와이드,https://www.youtube.com/watch?v=PsmF9kYf1gc,2022-03-29
710,12,0,1,국제유가,국제 유가 80달러 갈 수 있을까?,서울경제TV,https://www.youtube.com/watch?v=h1eRU8-4a9A,2021-05-27
82400,3189,0,303,국제유가,(재테크)국제유가 3일만에 30%폭등했다 지금이라도 투자해?,재테크읽어주는 파일럿,https://www.youtube.com/watch?v=6WGGCiAx5ms,2020-04-06
912,5,0,2,국제유가,인플레이션 우려에도 주목해야 할 국제유가 관련주!🦾/#필살기투자불변의법칙 #톡톡한투자,SBS Biz 증권,https://www.youtube.com/watch?v=o-DQuH-LCZI,2021-05-24
76,4,0,0,국제유가,국제유가 전망,땡큐 백승배 증권TV,https://www.youtube.com/watch?v=u_wiFNl9xvk,2022-11-30
107,3,0,0,국제유가,국제유가 방향성은?!,땡큐 백승배 증권TV,https://www.youtube.com/watch?v=q5UuFvf2MjY,2022-12-01
938,16,0,1,국제유가,[톡톡에너지] 제94화 국제유가 200달러까지 오를 수 있다고?,컨슈머TV,https://www.youtube.com/watch?v=M7So2E1oAX4,2021-10-19
1757,12,0,1,국제유가,유럽연합 러시아 오일 엠바고 사실상 확정 ‘국제유가는 요동’,WKTV USA,https://www.youtube.com/watch?v=H-RCCHsqdyw,2022-06-01
9376,909,0,15,국제유가,"국제유가의 급락, 왜?=금융시장의 부조리",박춘호 TV,https://www.youtube.com/watch?v=5APuiEHdmFE,2022-03-10
8909,758,0,34,국제유가,국제유가 114불 돌파! 임계치 75불 10월 돌파 이후 서울아파트 폭락 가속화!,엘리엇TV,https://www.youtube.com/watch?v=pa8Bqj6Yg0I,2022-05-27
318,4,0,0,국제유가,국제유가 또 떨어졌다,삼프로 쇼츠,https://www.youtube.com/watch?v=xflbJ5X-8iw,2022-09-01
405960,2732,0,475,국제유가,국제유가 -33% 급락으로 큰 빚이 생겼습니다,박호두(852hodoo),https://www.youtube.com/watch?v=Jkr9_xLdbTY,2020-03-10
19606,2302,0,71,국제유가,테슬라상승#달러인덱스하락#원달러환율#엔비디아#국제유가상승#태조이방원#국내증시영향은,TV주식의 강해,https://www.youtube.com/watch?v=MdTVBNEMkuQ,2022-08-24
142,0,0,0,국제유가,【수익런】 12월13일 안갯속 국제 유가 ‘어디로 튈지 모른다’,마홍일투자그룹,https://www.youtube.com/watch?v=i8qnHy1EVWA,2022-12-13
8410,754,0,39,국제유가,[국제유가] 파월 도리도리가 꺼져가던 국제유가 불지폈나?,엘리엇TV,https://www.youtube.com/watch?v=WGf-4ippCTo,2022-05-05
1491,45,0,4,국제유가,"S-Oil 기업분석, 국제유가, 정유업의 기초 이해하기, 정제마진, 재고자산평가손익",DY시사경제,https://www.youtube.com/watch?v=HkBzP916NGY,2020-12-03
13521,1391,0,13,국제유가,[뉴스속보] 충격! 국제유가 &#39;또 폭등&#39;...&quot;150달러? 오일쇼크? 저성장 고물가 온다?&quot; [정완진TV],정완진TV,https://www.youtube.com/watch?v=3AtCH2PXxVg,2022-06-09
3228,188,0,13,국제유가,국제 유가 계속 하락할까? 하락하니 &#39;더 큰&#39; 문제라는 이유가?,자유인awesome,https://www.youtube.com/watch?v=Y60xE7GlrsA,2022-06-22
12686,817,0,43,국제유가,"속보! 주말 국제유가 전고점 돌파 8년만의 최고치, 곧 100불 간다!",엘리엇TV,https://www.youtube.com/watch?v=L04_zJuIryk,2022-01-15
19565,2244,0,60,국제유가,다우하락나스닥상승#국제유가급락#모기지금리#AMS#테슬라#LG엔솔#카카오#이방자#이방원#국내증시영향은,TV주식의 강해,https://www.youtube.com/watch?v=g9Ku_feGvR0,2022-08-05
776,84,0,6,국제유가,한국석유 단타전략 - 국제유가 상승,이사장의 주경야독,https://www.youtube.com/watch?v=dy2AVmmPnY0,2022-01-24
46,1,0,0,국제유가,국제 유가 폭락,삼프로 쇼츠,https://www.youtube.com/watch?v=IKMoHhUJ96M,2022-12-15
353,9,0,0,국제유가,"국제유가 상승 원인, 전망은",들리는 재테크_레드,https://www.youtube.com/watch?v=HCY-S2Oc1s8,2022-03-02
360,18,0,2,국제유가,[7/7(목) 돈이 되는 라이브 하이라이트]국제유가 하락 정유·조선주는?,스픽스,https://www.youtube.com/watch?v=ozquD8VScoY,2022-07-07
622,55,0,3,국제유가,파월 의회 보고서 / 국제유가 과연 떨어질까? /  이번주 증시 전망(6/20 ~ 24),와룡봉추주식세상,https://www.youtube.com/watch?v=J8I5mwGZ2vM,2022-06-19
990,113,0,3,국제유가,바이든 행정명령 &#39;분수령&#39;...국제유가 위험요소,BlockMedia,https://www.youtube.com/watch?v=ndZ8heLKe4E,2022-03-10
23610,2097,0,19,국제유가,[뉴스속보] 충격!! 국제유가 &#39;폭락&#39;...&quot;주가 급등? 변동성이 참 무섭다&quot; [정완진&#39;TV],정완진TV,https://www.youtube.com/watch?v=oQifKBYcrNc,2022-03-16
1258,51,0,0,국제유가,국제유가 WTI하락 원인과 전망은?? (국제유가전망/유가투자/셰일가스/원유가격/석유ETF),주식정보채널,https://www.youtube.com/watch?v=GOJLRdBy5jw,2020-04-02
21,0,0,0,국제유가,"석유화학 업종 전망 : 국제유가의 상승으로 타격받았지만, 유가 하락하면 수혜",팅킹,https://www.youtube.com/watch?v=Lyrzamtx0qI,2022-11-29
277,11,0,0,국제유가,[내주알] #한국석유(004090) l &quot;국제유가 배럴당 100달러 전망&quot;,내주알,https://www.youtube.com/watch?v=CTQKnlWHAw8,2022-01-18
194,31,0,2,국제유가,국제유가가 140 달러인  2008년엔 어떤 섹터가 좋았을까?,주식공무원 공식채널 주공tv,https://www.youtube.com/watch?v=Hwg_T82fmo0,2022-03-04
22,0,0,0,국제유가,국제유가 낙폭 가속화 연초보다 6%↓…변동성지수 22%대 오름세로,stocktv korea,https://www.youtube.com/watch?v=vQ3u5AjQjHU,2022-12-10
1472,6,0,0,국제유가,"국제유가, 드디어 하락? 세계 증시에 미치는 영향은? [클하의 오늘아침 9월 16일 Live]",돈이 든 성배 ,https://www.youtube.com/watch?v=mllEawrLEoY,2022-09-16
31,0,0,0,국제유가,"SK이노베이션, 국제유가 급등에 주가 오름세",stocktv korea,https://www.youtube.com/watch?v=1fJiziqL_To,2022-02-04
5600,54,0,13,국제유가,국제유가의 비밀 ★삼성 인버스 2X WTI 원유 선물 ETN★ _21/10/19,예병군의 예튜브 : YeTube,https://www.youtube.com/watch?v=bP0rX5BgOOw,2021-10-20
815,70,0,9,국제유가,"[11월 24일(목)] 신문 읽기 - 금투세 강행, 국제유가, 테슬라 한국, 출산율 쇼크, 현금부자 기업, 농슬라 등",자유인awesome,https://www.youtube.com/watch?v=u5rpcCB95Ms,2022-11-24
325,18,0,7,국제유가,호주주식: 국제유가 급락과 신재생에너지 AGL 기업분석,해주부TV - 해외주식사서부자되기TV,https://www.youtube.com/watch?v=63xfiSgPPdg,2022-08-10
74791,4170,0,74,국제유가,"이번에는 중동 화약고? 국제유가 더 오르나? 이란의 사우디 공격 정보. 미국/사우디 초비상.. [RNB, 레지스탕스TV, 정광용TV]",[정광용 TV]레지스탕스TV,https://www.youtube.com/watch?v=qokVFq4girY,2022-11-02
27,2,0,0,국제유가,"2008년 미국 증시, 국제유가로 본 2022년 증시 저점은?","토트인베스트먼트 : 경제, 금융 투자 채널",https://www.youtube.com/watch?v=F9ctYrKZOfM,2022-07-10
555,7,0,0,국제유가,해외주식 해외선물 나스닥 오일 국제유가,FTS리더,https://www.youtube.com/watch?v=08xEiUrGJaQ,2022-03-29
397,,0,2,국제유가,주식언제사나요? 킹갓제너럴달러 &amp; 국제유가 WTI,현달이TV,https://www.youtube.com/watch?v=M7URPZemjq8,2022-11-07
152,4,0,1,국제유가,해외선물 국제유가는 50중반대까지 조정,해외선물 퓨처온TV,https://www.youtube.com/watch?v=qIF4wTCzRQg,2021-03-03
635,160,0,19,국제유가,[돈다방미스리]OPEC의 감산으로 국제유가 다시 100달러 돌파하나?,돈다방미스리,https://www.youtube.com/watch?v=9wI0_RqQlII,2022-10-06
292,4,0,0,국제유가,미국주식 해외선물 나스닥 오일 국제유가,FTS리더,https://www.youtube.com/watch?v=ne-Xr2SxE0I,2022-12-23
316,9,0,0,국제유가,미국주식 해외선물 나스닥 오일 국제유가,FTS리더,https://www.youtube.com/watch?v=wBDc_1Dgq6s,2022-11-30
525,6,0,0,국제유가,미국주식 해외선물 나스닥 오일 국제유가,FTS리더,https://www.youtube.com/watch?v=wFpNAf00KpA,2022-10-22
2167,6,0,0,국제유가,"뉴스 키 포인트, JP모건 &quot;최악의 경우 국제 유가 3배 뛸 것&quot;",파이낸스인포,https://www.youtube.com/watch?v=Iv7EOzBnitc,2022-07-04
696,6,0,0,국제유가,미국주식 해외선물 나스닥 오일 국제유가,FTS리더,https://www.youtube.com/watch?v=v5sysbADUJE,2022-09-22
895,2,0,0,국제유가,[해외선물][캐쉬트리] - WTI 국제유가 추가 감산에 따른 110$?,캐쉬트리,https://www.youtube.com/watch?v=V3qOlPK6TZg,2022-12-02
428,9,0,0,국제유가,미국주식 해외선물 나스닥 오일 국제유가,FTS리더,https://www.youtube.com/watch?v=uUtF3LazDjg,2022-11-16
600,9,0,0,국제유가,미국주식 해외선물 나스닥 오일 국제유가,FTS리더,https://www.youtube.com/watch?v=qELwXYTBE_0,2022-08-06
349,8,0,0,국제유가,미국주식 해외선물 나스닥 오일 국제유가,FTS리더,https://www.youtube.com/watch?v=7M0SQiKpqKg,2022-12-16
593,5,0,0,국제유가,미국주식 해외선물 나스닥 오일 국제유가,FTS리더,https://www.youtube.com/watch?v=E7RfdtO0mig,2022-06-29
208,0,0,0,국제유가,미국주식 해외선물 나스닥 오일 국제유가,FTS리더,https://www.youtube.com/watch?v=OiTQj7RbDfo,2022-11-29
488,8,0,0,국제유가,미국주식 해외선물 나스닥 오일 국제유가,FTS리더,https://www.youtube.com/watch?v=mSe1VilX7xY,2022-07-21
364,4,0,0,국제유가,미국주식 해외선물 나스닥 오일 국제유가,FTS리더,https://www.youtube.com/watch?v=UxewaEZBJiM,2022-12-17
328,7,0,0,국제유가,미국주식 해외선물 나스닥 오일 국제유가,FTS리더,https://www.youtube.com/watch?v=zEHqFZHZ9G0,2022-12-10
324,3,0,0,국제유가,미국주식 해외선물 나스닥 오일 국제유가,FTS리더,https://www.youtube.com/watch?v=frRybtCAeXE,2022-12-29
350,5,0,0,국제유가,미국주식 해외선물 나스닥 오일 국제유가,FTS리더,https://www.youtube.com/watch?v=KRrRQ7CmaSk,2022-12-24
376,10,0,0,국제유가,미국주식 해외선물 나스닥 오일 국제유가,FTS리더,https://www.youtube.com/watch?v=6t5Sbt9p2YE,2022-12-13
379,8,0,0,국제유가,미국주식 해외선물 나스닥 오일 국제유가,FTS리더,https://www.youtube.com/watch?v=UCMOEncJod4,2022-12-21
327,8,0,0,국제유가,미국주식 해외선물 나스닥 오일 국제유가,FTS리더,https://www.youtube.com/watch?v=bXTqRnpcxgg,2022-11-23
409,6,0,0,국제유가,미국주식 해외선물 나스닥 오일 국제유가,FTS리더,https://www.youtube.com/watch?v=KyQyKrBp-uI,2022-11-22
446,8,0,0,국제유가,미국주식 해외선물 나스닥 오일 국제유가,FTS리더,https://www.youtube.com/watch?v=YDx-qHNUgvY,2022-11-19
383,3,0,0,국제유가,미국주식 해외선물 나스닥 오일 국제유가,FTS리더,https://www.youtube.com/watch?v=ZBjzrbTZds4,2022-11-17
558,14,0,0,국제유가,미국주식 해외선물 나스닥 오일 국제유가,FTS리더,https://www.youtube.com/watch?v=8S4FkTnHly4,2022-10-25
622,11,0,0,국제유가,미국주식 해외선물 나스닥 오일 국제유가,FTS리더,https://www.youtube.com/watch?v=RWhGdXBGykA,2022-12-14
527,7,0,0,국제유가,미국주식 해외선물 나스닥 오일 국제유가,FTS리더,https://www.youtube.com/watch?v=SYERA9pNCyE,2022-10-29
330,5,0,0,국제유가,미국주식 해외선물 나스닥 오일 국제유가,FTS리더,https://www.youtube.com/watch?v=JNK4AxORWGU,2022-12-09
345,4,0,0,국제유가,미국주식 해외선물 나스닥 오일 국제유가,FTS리더,https://www.youtube.com/watch?v=mzrqMct8DFI,2022-11-10
509,6,0,0,국제유가,미국주식 해외선물 나스닥 오일 국제유가,FTS리더,https://www.youtube.com/watch?v=K_FTaGmK560,2022-10-28
678,6,0,0,국제유가,미국주식 해외선물 나스닥 오일 국제유가,FTS리더,https://www.youtube.com/watch?v=ecU819-TfiM,2022-10-08
538,6,0,0,국제유가,미국주식 해외선물 나스닥 오일 국제유가,FTS리더,https://www.youtube.com/watch?v=yhHMprlfh6s,2022-09-27
463,7,0,0,국제유가,미국주식 해외선물 나스닥 오일 국제유가,FTS리더,https://www.youtube.com/watch?v=brHg3taQMHQ,2022-10-21
74791,4170,0,74,국제유가,"이번에는 중동 화약고? 국제유가 더 오르나? 이란의 사우디 공격 정보. 미국/사우디 초비상.. [RNB, 레지스탕스TV, 정광용TV]",[정광용 TV]레지스탕스TV,https://www.youtube.com/watch?v=qokVFq4girY,2022-11-02
296,5,0,0,국제유가,미국주식 해외선물 나스닥 오일 국제유가,FTS리더,https://www.youtube.com/watch?v=eTiLPYZnDX4,2022-11-24
319,5,0,0,국제유가,미국주식 해외선물 나스닥 오일 국제유가,FTS리더,https://www.youtube.com/watch?v=0F12M0zOhYs,2022-12-28
9296,464,0,24,국제유가,[CC한글자막]국제유가 상승.. 삼성중공업 미인도 드릴십 리스크 해소 가능성 증가!!,샤프TV,https://www.youtube.com/watch?v=Vyijn7Ct50Q,2021-06-21
338,8,0,0,국제유가,미국주식 해외선물 나스닥 오일 국제유가,FTS리더,https://www.youtube.com/watch?v=LjHad2Aq41E,2022-12-15
451,7,0,0,국제유가,미국주식 해외선물 나스닥 오일 국제유가,FTS리더,https://www.youtube.com/watch?v=V0MH4tD2h64,2022-10-07
262,6,0,0,국제유가,미국주식 해외선물 나스닥 오일 국제유가,FTS리더,https://www.youtube.com/watch?v=e8A7skUdFAc,2022-11-25
531,4,0,0,국제유가,미국주식 해외선물 나스닥 오일 국제유가,FTS리더,https://www.youtube.com/watch?v=eFQRdGyDbGY,2022-07-29
391,1,0,0,국제유가,미국주식 해외선물 나스닥 오일 국제유가,FTS리더,https://www.youtube.com/watch?v=lrkN_ivOzaA,2022-09-06
364,5,0,0,국제유가,비행값 올리는 유류할증료란? // 이투데이 [EZ이코노미],이투데이TV,https://www.youtube.com/watch?v=Pa6hkdFb_Uo,2022-05-12
4424,196,0,7,국제유가,[CC한글자막]국제유가 상승!! 해양플랜트 수주 시작되나?? 유럽 LNG 공급 위기 연말 본격화!!,샤프TV,https://www.youtube.com/watch?v=Z9KrqWfRqO4,2022-05-17
1282,61,0,2,국제유가,[대한민국 금융대전] 발표6_염승환 이베스트투자증권 디지털사업부 이사 // 이투데이,이투데이TV,https://www.youtube.com/watch?v=w3YjkcyxxLI,2022-08-05
1020,,0,16,국제유가,[미주놀] 국제 유가 $300까지 간다는 말이 현실화되는 현실✔️푸틴의 적수가 되지 못하는 유럽 연합,미주놀 - 미국주식 투자의 전설이 되어가다,https://www.youtube.com/watch?v=FK8OFVo62NU,2022-07-15
8673,1602,0,99,국제유가,MS113. 국제유가에 강력한 영향을 주는 미국 파워의 원천.,마이클심(MS)TV,https://www.youtube.com/watch?v=ivnGjR277lQ,2022-03-21
17603,1190,0,23,국제유가,"13일 미국 CPI 발표 비트코인 가격은? 국제유가 연일 급등, 아르헨티나 국영기업 비트코인채굴 시작 ”우리는 디지털 튤립 버블로 천문학적인 자산을 손에 쥐게 될 것.”",코인이슈 경제 채널,https://www.youtube.com/watch?v=scHjEOOatpg,2022-10-10
11632,548,0,10,국제유가,국제 유가 폭락과 폭등 징후가 동시에 나타나고 있는 상황. 경기침체와 지정학적 위기.,픽커TV,https://www.youtube.com/watch?v=q5IXOCY_ivI,2022-12-18
82984,9392,0,113,국제유가,"이란 핵합의 초읽기.. 국제유가 급락. 합의 되면 푸틴은..? [RNB, 레지스탕스TV, 정광용TV]",[정광용 TV]레지스탕스TV,https://www.youtube.com/watch?v=tDGVWCYy5Yk,2022-08-16
59029,6946,0,119,국제유가,"국제유가 내렸다. 왜? 정유사, 좋은 말 할 때(?) 기름값 내려라. 유럽, 정유사 &quot;횡재세&quot; 도입..? [RNB, 레지스탕스TV, 정광용TV]",[정광용 TV]레지스탕스TV,https://www.youtube.com/watch?v=_PvpCmKcnoE,2022-06-18
430,17,0,2,국제유가,국제유가가 배럴당 87.70 달러대로 많이 올랐는데 앞으로는?,허시성Heo sisung,https://www.youtube.com/watch?v=0KYaoXPcbUg,2022-10-07
276,2,0,0,국제유가,[7월 8일] 증권사가 추천한 오늘의 종목은? ㅣ현대제철ㅣLG전자ㅣ삼성전자 // 이투데이 #shorts,이투데이TV,https://www.youtube.com/watch?v=bbRwYZLQ2ag,2021-07-08
933,42,0,0,국제유가,2020 함께하는 기업 CSR 국제 콘퍼런스 온라인 방송,이투데이TV,https://www.youtube.com/watch?v=DEUCZ-vLas8,2020-05-20
265,2,0,0,국제유가,[5월 13일] 증권사가 추천한 오늘의 종목은? ㅣ신세계ㅣ한솔케미칼ㅣ셀트리온 // 이투데이 #shorts,이투데이TV,https://www.youtube.com/watch?v=30HYQfeRDh8,2021-05-13
23007,2879,0,25,국제유가,"미국-사우디 공동성명 전문(全文) 분석. 국제유가 어찌 될까? [RNB, 레지스탕스TV, 정광용TV]",[정광용 TV]레지스탕스TV,https://www.youtube.com/watch?v=BTCj3JcRRgE,2022-07-19
65,0,0,0,국제유가,[6월 15일] 증권사가 추천한 오늘의 종목은? ㅣDB손해보험ㅣ대보마그네틱ㅣTYM // 이투데이 #shorts,이투데이TV,https://www.youtube.com/watch?v=99nz2cqJdUA,2021-06-15
57,1,0,0,국제유가,[대한민국 금융대전] 발표5_정의훈 유진투자증권 리서치센터 애널리스트 // 이투데이,이투데이TV,https://www.youtube.com/watch?v=lz5T6VcPHLk,2022-08-05
70,5,0,0,국제유가,[대한민국 금융대전] 발표7_김형렬 교보증권 리서치센터 센터장 // 이투데이,이투데이TV,https://www.youtube.com/watch?v=UvpQN7Ed1Ys,2022-08-05
125,7,0,0,국제유가,"국제유가 계속 상승 미국 갤런당 $10까지 간다? LA다운타운 자바시장에서 강도에게 숨진 한인을 위한 촛불 행진,",Kumc TV 한인방송,https://www.youtube.com/watch?v=NsWd8ha3s4c,2022-10-10
39,2,0,0,국제유가,[서울 기후-에너지 회의 2022] 세션1_김봉균 실장 // 이투데이,이투데이TV,https://www.youtube.com/watch?v=2AChqca4fig,2022-07-18
136,6,0,0,국제유가,『주노의 주식 노트』 버크셔 해서웨이가 몰빵한 &quot;애플&quot;의 회계연도 1Q22Y 실적 발표!!,주노 스트리밍,https://www.youtube.com/watch?v=r9YCCBKVKiI,2022-01-31
846,14,0,0,국제유가,"주식, 2분기까지는 존버? 증권부 기자가 알려주는 조정장 투자 전략 // 이투데이 [훅터뷰]",이투데이TV,https://www.youtube.com/watch?v=enSzgyGWIzI,2021-04-09
591,18,0,0,국제유가,폭락은 오히려 좋은 기회 !,주식의 신 [주식은 답이 없다],https://www.youtube.com/watch?v=G3Q79RDVYQU,2022-12-23
233,6,0,0,국제유가,-충격속보- [카나리아바이오] [카나리아바이오 주가전망] 22일 이 가격까지 상승해요! #현대사료 #현대사료주가 #현대사료주가전망,황금종목 주식 tv - 급등종목 관심종목,https://www.youtube.com/watch?v=JsmbQFDAwyw,2022-07-22
3,0,0,0,국제유가,폭등임박! [지에스이] -07/19- 세력이 보인다 #지에스이 #지에스이전망 #지에스이목표가,주식단타,https://www.youtube.com/watch?v=1eiWnSBiUng,2022-07-19
8,0,0,0,국제유가,급등주 한일단조 폭등의 시작,황금종목 주식 tv - 급등종목 관심종목,https://www.youtube.com/watch?v=f0xpypfQ2D8,2022-06-18
15,0,0,0,국제유가,[GS글로벌] 6/14 이렇게 수익,황금종목 주식 tv - 급등종목 관심종목,https://www.youtube.com/watch?v=Z5MYxjMATgY,2022-06-14
33,0,0,0,국제유가,[지에스이] [대성에너지] 충격! 주말속보! 미리보셔야 합니다,황금종목 주식 tv - 급등종목 관심종목,https://www.youtube.com/watch?v=b2RlpsqZ6hQ,2022-05-28
10,0,0,0,국제유가,[노터스] 대응법 공개합니다,주식메이트,https://www.youtube.com/watch?v=K4UQKCu00Jk,2022-08-04
30,0,0,0,국제유가,빠른주식 [고려아연] -08/31- 터질게터졌다 #고려아연 #고려아연주가 #고려아연주가전망,주식단타,https://www.youtube.com/watch?v=mEbJevQlL00,2022-08-31
8,1,0,0,국제유가,빠른주식 [지에스이] -09/05- 긴급속보 #지에스이 #지에스이전망 #지에스이목표가,주식단타,https://www.youtube.com/watch?v=LH3BKgW1iG4,2022-09-06
268,7,0,0,국제유가,급등주 에이프로젠MED 폭등의 시작,황금종목 주식 tv - 급등종목 관심종목,https://www.youtube.com/watch?v=bq5YgIcG4P4,2022-06-18
1,1,0,0,국제유가,시간외속보 [두산에너빌리티] 11월 3일 내일 이렇게 하세요 긴급속보! 한방이슈,MTNGOLD - 급등주 주포따라잡기,https://www.youtube.com/watch?v=bGjOe_MaVDQ,2022-11-02
30,4,0,0,국제유가,급등주 [지에스이] 반드시 급등! #지에스이 #지에스이주가전망 #지에스이주가 #지에스이주식 #지에스이주식전망 #지에스이전망 #지에스이목표가,황금종목 주식 tv - 급등종목 관심종목,https://www.youtube.com/watch?v=MWZfQjIs1cQ,2022-06-26
54,3,0,0,국제유가,[신성이엔지] 이 가격까지는 무조건 온다!,주식단타,https://www.youtube.com/watch?v=LuJwLMP9M1E,2022-08-29
117,2,0,0,국제유가,[지에스이] [대성에너지] 흔들기주의!!여기까지 올라갑니다,황금종목 주식 tv - 급등종목 관심종목,https://www.youtube.com/watch?v=xaj2kvV4j9U,2022-05-20
8,0,0,0,국제유가,[SDN] [신성이엔지] 충격속보!,황금종목 주식 tv - 급등종목 관심종목,https://www.youtube.com/watch?v=1r3RyzrzUV0,2022-06-05
160,2,0,0,국제유가,"[구영테크, 아진산업] 흔들기 주의!! 여기까지 상승한다!",황금종목 주식 tv - 급등종목 관심종목,https://www.youtube.com/watch?v=apCsAGAIh2s,2022-05-26
119,0,0,0,국제유가,빠른주식 [대한항공] -08/16- 긴급속보 #대한항공 #대한항공주가 #대한항공주가전망,주식단타,https://www.youtube.com/watch?v=vReuo7h448o,2022-08-21
118,2,0,0,국제유가,급등주 지에스이 위험해요!,황금종목 주식 tv - 급등종목 관심종목,https://www.youtube.com/watch?v=jXgVx87PLrU,2022-06-20
130,2,0,0,국제유가,빠른주식 [한국전력] -08/15- 터질게터졌다 #한국전력 #한국전력공사 #한국전력주가,주식단타,https://www.youtube.com/watch?v=g7Q-kNRmVic,2022-08-15
341,8,0,0,국제유가,"[에코플라스틱, 에스폴리텍] 100% 상승한다",황금종목 주식 tv - 급등종목 관심종목,https://www.youtube.com/watch?v=w0WsCR9WhUo,2022-06-09
68,3,0,0,국제유가,[우리손에프앤지] [팜스토리] 이때 파세요,황금종목 주식 tv - 급등종목 관심종목,https://www.youtube.com/watch?v=I41BZO28p8M,2022-05-08
86,1,0,0,국제유가,빠른주식 [한국전력] -09/05- 터질게터졌다 #한국전력 #한국전력공사 #한국전력주가,주식단타,https://www.youtube.com/watch?v=lfdAhMms3C4,2022-09-05
7,1,0,0,국제유가,빠른주식 [캠시스] -08/30- 긴급속보 #캠시스 #캠시스주가 #캠시스주가전망,주식단타,https://www.youtube.com/watch?v=yNkLNRtF26Y,2022-08-31
72387,3157,0,15,국제유가,&quot;한국이 우릴 살렸다&quot; 어려울때 도와준 나라에 한국이 기적을 선사하자 현지 대찬사! 외신도 깜짝,메가튜브,https://www.youtube.com/watch?v=ZjDpLqWVrzI,2022-12-08
67,4,0,0,국제유가,"[동신건설, 일성건설, 범양건설] 꼭 확인하세요",황금종목 주식 tv - 급등종목 관심종목,https://www.youtube.com/watch?v=ixnGVOhjSYU,2022-06-29
19,0,0,0,국제유가,빠른주식 [삼성중공업] -08/11- NO.1 #삼성중공업 #삼성중공업주가 #삼성중공업주가전망,주식단타,https://www.youtube.com/watch?v=fRcCnTj7_Es,2022-08-12
93,3,0,0,국제유가,급등주 [코스모화학] 폭등의 시작!,황금종목 주식 tv - 급등종목 관심종목,https://www.youtube.com/watch?v=cKWlo4uSiAQ,2022-06-22
45744,2641,0,199,국제유가,세계 통합 화폐가 나올 수 밖에 없는 명확한 이유와 다가올 한국 부동산 근황도 함께 분석을 해보자!!!,싱싱이의진실토크TV,https://www.youtube.com/watch?v=t9NqUK-gH1Y,2022-11-16
